image_id,window_id,source_filename,source_image,scale_ratio,window_size,stride,x1,y1,x2,y2,crop_path,predicted_label,confidence,top3_labels,top3_probabilities,entropy,above_threshold
微信图片_20260823222858_28_46,32,微信图片_20260823222858_28_46.jpg,微信图片_20260823222858_28_46.jpg,0.60,768,384,0,0,768,768,crops/微信图片_20260823222858_28_46__w0032__s0.60.jpg,Leaf_Gall,0.9941447377204895,Leaf_Gall|Leaf_Blight|Felt_Leaf,0.994145|0.005524|0.000285,0.037378933280706406,true
微信图片_20260823222858_28_46,37,微信图片_20260823222858_28_46.jpg,微信图片_20260823222858_28_46.jpg,0.60,768,384,512,384,1280,1152,crops/微信图片_20260823222858_28_46__w0037__s0.60.jpg,Leaf_Gall,0.9938066005706787,Leaf_Gall|Leaf_Blight|Felt_Leaf,0.993807|0.006040|0.000079,0.03857647627592087,true
微信图片_20260823222858_28_46,39,微信图片_20260823222858_28_46.jpg,微信图片_20260823222858_28_46.jpg,0.60,768,384,384,768,1152,1536,crops/微信图片_20260823222858_28_46__w0039__s0.60.jpg,Leaf_Gall,0.9672608971595764,Leaf_Gall|Leaf_Blight|Deficiency_Leaf,0.967261|0.032391|0.000226,0.14644472301006317,true
微信图片_20260823222858_28_46,9,微信图片_20260823222858_28_46.jpg,微信图片_20260823222858_28_46.jpg,0.40,512,256,256,512,768,1024,crops/微信图片_20260823222858_28_46__w0009__s0.40.jpg,Leaf_Gall,0.9573952555656433,Leaf_Gall|Leaf_Blight|Felt_Leaf,0.957395|0.042416|0.000085,0.17761413753032684,true
微信图片_20260823222858_28_46,19,微信图片_20260823222858_28_46.jpg,微信图片_20260823222858_28_46.jpg,0.40,512,256,768,1024,1280,1536,crops/微信图片_20260823222858_28_46__w0019__s0.40.jpg,Leaf_Gall,0.9510065317153931,Leaf_Gall|Leaf_Blight|Healthy_Leaf,0.951007|0.047838|0.000569,0.20249992609024048,true
微信图片_20260823222859_29_46,36,微信图片_20260823222859_29_46.jpg,微信图片_20260823222859_29_46.jpg,0.60,576,288,288,288,864,864,crops/微信图片_20260823222859_29_46__w0036__s0.60.jpg,Leaf_Gall,0.9983009696006775,Leaf_Gall|Felt_Leaf|Leaf_Blight,0.998301|0.000941|0.000642,0.01415807381272316,true
微信图片_20260823222859_29_46,12,微信图片_20260823222859_29_46.jpg,微信图片_20260823222859_29_46.jpg,0.40,384,192,0,576,384,960,crops/微信图片_20260823222859_29_46__w0012__s0.40.jpg,Leaf_Gall,0.9960474371910095,Leaf_Gall|Leaf_Blight|Felt_Leaf,0.996047|0.003173|0.000709,0.028080498799681664,true
微信图片_20260823222859_29_46,1,微信图片_20260823222859_29_46.jpg,微信图片_20260823222859_29_46.jpg,0.40,384,192,192,0,576,384,crops/微信图片_20260823222859_29_46__w0001__s0.40.jpg,Leaf_Gall,0.9938283562660217,Leaf_Gall|Felt_Leaf|Leaf_Blight,0.993828|0.003574|0.002242,0.043179504573345184,true
微信图片_20260823222859_29_46,15,微信图片_20260823222859_29_46.jpg,微信图片_20260823222859_29_46.jpg,0.40,384,192,576,576,960,960,crops/微信图片_20260823222859_29_46__w0015__s0.40.jpg,Leaf_Gall,0.9878566265106201,Leaf_Gall|Felt_Leaf|Leaf_Blight,0.987857|0.008558|0.002512,0.07630835473537445,true
微信图片_20260823222859_29_46,31,微信图片_20260823222859_29_46.jpg,微信图片_20260823222859_29_46.jpg,0.40,384,192,576,1322,960,1706,crops/微信图片_20260823222859_29_46__w0031__s0.40.jpg,Leaf_Blight,0.9760071635246277,Leaf_Blight|Leaf_Gall|Felt_Leaf,0.976007|0.023651|0.000179,0.11542695015668869,true
微信图片_20260823222900_30_46,5,微信图片_20260823222900_30_46.jpg,微信图片_20260823222900_30_46.jpg,0.40,512,256,256,256,768,768,crops/微信图片_20260823222900_30_46__w0005__s0.40.jpg,Leaf_Gall,0.9987524747848511,Leaf_Gall|Leaf_Blight|Felt_Leaf,0.998752|0.000703|0.000327,0.011076829396188259,true
微信图片_20260823222900_30_46,10,微信图片_20260823222900_30_46.jpg,微信图片_20260823222900_30_46.jpg,0.40,512,256,512,512,1024,1024,crops/微信图片_20260823222900_30_46__w0010__s0.40.jpg,Leaf_Gall,0.9921476244926453,Leaf_Gall|Leaf_Blight|Deficiency_Leaf,0.992148|0.007170|0.000325,0.04902520403265953,true
微信图片_20260823222900_30_46,30,微信图片_20260823222900_30_46.jpg,微信图片_20260823222900_30_46.jpg,0.40,512,256,512,1763,1024,2275,crops/微信图片_20260823222900_30_46__w0030__s0.40.jpg,Leaf_Gall,0.981787919998169,Leaf_Gall|Leaf_Blight|Felt_Leaf,0.981788|0.007285|0.002629,0.12308403849601746,true
微信图片_20260823222900_30_46,33,微信图片_20260823222900_30_46.jpg,微信图片_20260823222900_30_46.jpg,0.60,768,384,384,0,1152,768,crops/微信图片_20260823222900_30_46__w0033__s0.60.jpg,Leaf_Gall,0.98121178150177,Leaf_Gall|Leaf_Blight|Felt_Leaf,0.981212|0.009254|0.006056,0.11742566525936127,true
微信图片_20260823222900_30_46,38,微信图片_20260823222900_30_46.jpg,微信图片_20260823222900_30_46.jpg,0.60,768,384,0,768,768,1536,crops/微信图片_20260823222900_30_46__w0038__s0.60.jpg,Leaf_Gall,0.9748939871788025,Leaf_Gall|Leaf_Blight|Deficiency_Leaf,0.974894|0.017023|0.003263,0.1446182131767273,true
微信图片_20260823222900_31_46,33,微信图片_20260823222900_31_46.jpg,微信图片_20260823222900_31_46.jpg,0.60,768,384,384,0,1152,768,crops/微信图片_20260823222900_31_46__w0033__s0.60.jpg,Leaf_Gall,0.9986374974250793,Leaf_Gall|Leaf_Blight|Deficiency_Leaf,0.998637|0.001249|0.000052,0.01086580939590931,true
微信图片_20260823222900_31_46,28,微信图片_20260823222900_31_46.jpg,微信图片_20260823222900_31_46.jpg,0.40,512,256,0,1763,512,2275,crops/微信图片_20260823222900_31_46__w0028__s0.40.jpg,Leaf_Gall,0.9921568632125854,Leaf_Gall|Leaf_Blight|Felt_Leaf,0.992157|0.006670|0.000362,0.05117953196167946,true
微信图片_20260823222900_31_46,41,微信图片_20260823222900_31_46.jpg,微信图片_20260823222900_31_46.jpg,0.60,768,384,0,1152,768,1920,crops/微信图片_20260823222900_31_46__w0041__s0.60.jpg,Leaf_Gall,0.9911444783210754,Leaf_Gall|Leaf_Blight|Deficiency_Leaf,0.991144|0.007250|0.000572,0.0575035959482193,true
微信图片_20260823222900_31_46,7,微信图片_20260823222900_31_46.jpg,微信图片_20260823222900_31_46.jpg,0.40,512,256,768,256,1280,768,crops/微信图片_20260823222900_31_46__w0007__s0.40.jpg,Leaf_Gall,0.9733240604400635,Leaf_Gall|Leaf_Blight|Deficiency_Leaf,0.973324|0.025867|0.000407,0.1275741010904312,true
微信图片_20260823222900_31_46,0,微信图片_20260823222900_31_46.jpg,微信图片_20260823222900_31_46.jpg,0.40,512,256,0,0,512,512,crops/微信图片_20260823222900_31_46__w0000__s0.40.jpg,Leaf_Gall,0.9727926850318909,Leaf_Gall|Deficiency_Leaf|Leaf_Blight,0.972793|0.010065|0.006809,0.1701141595840454,true
微信图片_20260823223021_32_46,40,微信图片_20260823223021_32_46.jpg,微信图片_20260823223021_32_46.jpg,0.60,576,288,384,576,960,1152,crops/微信图片_20260823223021_32_46__w0040__s0.60.jpg,Leaf_Blight,0.9960327744483948,Leaf_Blight|Leaf_Gall|Fungal_Leaf_Spot,0.996033|0.003007|0.000307,0.029559174552559853,true
微信图片_20260823223021_32_46,1,微信图片_20260823223021_32_46.jpg,微信图片_20260823223021_32_46.jpg,0.40,384,192,192,0,576,384,crops/微信图片_20260823223021_32_46__w0001__s0.40.jpg,Leaf_Gall,0.9939841628074646,Leaf_Gall|Leaf_Blight|Felt_Leaf,0.993984|0.003691|0.001612,0.042946647852659225,true
微信图片_20260823223021_32_46,11,微信图片_20260823223021_32_46.jpg,微信图片_20260823223021_32_46.jpg,0.40,384,192,576,384,960,768,crops/微信图片_20260823223021_32_46__w0011__s0.40.jpg,Leaf_Blight,0.9873172640800476,Leaf_Blight|Leaf_Gall|Curl_Leaf,0.987317|0.011571|0.000566,0.07317085564136505,true
微信图片_20260823223021_32_46,21,微信图片_20260823223021_32_46.jpg,微信图片_20260823223021_32_46.jpg,0.40,384,192,192,960,576,1344,crops/微信图片_20260823223021_32_46__w0021__s0.40.jpg,Leaf_Gall,0.9725810885429382,Leaf_Gall|Felt_Leaf|Leaf_Blight,0.972581|0.013294|0.011344,0.15470072627067566,true
微信图片_20260823223021_32_46,36,微信图片_20260823223021_32_46.jpg,微信图片_20260823223021_32_46.jpg,0.60,576,288,288,288,864,864,crops/微信图片_20260823223021_32_46__w0036__s0.60.jpg,Leaf_Blight,0.9618476629257202,Leaf_Blight|Curl_Leaf|Leaf_Gall,0.961848|0.025059|0.010017,0.1967257708311081,true
微信图片_20260823223023_33_46,32,微信图片_20260823223023_33_46.jpg,微信图片_20260823223023_33_46.jpg,0.60,768,384,0,0,768,768,crops/微信图片_20260823223023_33_46__w0032__s0.60.jpg,Bituminous_Leaf,0.9983782768249512,Bituminous_Leaf|Leaf_Gall|Deficiency_Leaf,0.998378|0.000799|0.000560,0.014048831537365913,true
微信图片_20260823223023_33_46,15,微信图片_20260823223023_33_46.jpg,微信图片_20260823223023_33_46.jpg,0.40,512,256,768,768,1280,1280,crops/微信图片_20260823223023_33_46__w0015__s0.40.jpg,Leaf_Gall,0.9870997071266174,Leaf_Gall|Leaf_Blight|Deficiency_Leaf,0.987100|0.009170|0.001273,0.08316032588481903,true
微信图片_20260823223023_33_46,34,微信图片_20260823223023_33_46.jpg,微信图片_20260823223023_33_46.jpg,0.60,768,384,512,0,1280,768,crops/微信图片_20260823223023_33_46__w0034__s0.60.jpg,Bituminous_Leaf,0.9826503396034241,Bituminous_Leaf|Leaf_Gall|Deficiency_Leaf,0.982650|0.008341|0.006529,0.1076795905828476,true
微信图片_20260823223023_33_46,38,微信图片_20260823223023_33_46.jpg,微信图片_20260823223023_33_46.jpg,0.60,768,384,0,768,768,1536,crops/微信图片_20260823223023_33_46__w0038__s0.60.jpg,Bituminous_Leaf,0.9753615856170654,Bituminous_Leaf|Leaf_Gall|Fungal_Leaf_Spot,0.975362|0.013037|0.003102,0.15221917629241943,true
微信图片_20260823223023_33_46,36,微信图片_20260823223023_33_46.jpg,微信图片_20260823223023_33_46.jpg,0.60,768,384,384,384,1152,1152,crops/微信图片_20260823223023_33_46__w0036__s0.60.jpg,Bituminous_Leaf,0.9664795994758606,Bituminous_Leaf|Leaf_Gall|Deficiency_Leaf,0.966480|0.018053|0.008089,0.19183388352394104,true
微信图片_20260823223023_34_46,30,微信图片_20260823223023_34_46.jpg,微信图片_20260823223023_34_46.jpg,0.40,384,192,384,1322,768,1706,crops/微信图片_20260823223023_34_46__w0030__s0.40.jpg,Leaf_Blight,0.9979175925254822,Leaf_Blight|Curl_Leaf|Leaf_Gall,0.997918|0.001771|0.000234,0.016064487397670746,true
微信图片_20260823223023_34_46,7,微信图片_20260823223023_34_46.jpg,微信图片_20260823223023_34_46.jpg,0.40,384,192,576,192,960,576,crops/微信图片_20260823223023_34_46__w0007__s0.40.jpg,Leaf_Blight,0.9964926838874817,Leaf_Blight|Leaf_Gall|Curl_Leaf,0.996493|0.003406|0.000039,0.0239288080483675,true
微信图片_20260823223023_34_46,22,微信图片_20260823223023_34_46.jpg,微信图片_20260823223023_34_46.jpg,0.40,384,192,384,960,768,1344,crops/微信图片_20260823223023_34_46__w0022__s0.40.jpg,Leaf_Blight,0.9964672327041626,Leaf_Blight|Leaf_Gall|Curl_Leaf,0.996467|0.002375|0.000739,0.026753975078463554,true
微信图片_20260823223023_34_46,10,微信图片_20260823223023_34_46.jpg,微信图片_20260823223023_34_46.jpg,0.40,384,192,384,384,768,768,crops/微信图片_20260823223023_34_46__w0010__s0.40.jpg,Leaf_Blight,0.9960166811943054,Leaf_Blight|Curl_Leaf|Leaf_Gall,0.996017|0.002028|0.001499,0.030147569254040718,true
微信图片_20260823223023_34_46,27,微信图片_20260823223023_34_46.jpg,微信图片_20260823223023_34_46.jpg,0.40,384,192,576,1152,960,1536,crops/微信图片_20260823223023_34_46__w0027__s0.40.jpg,Leaf_Blight,0.989594578742981,Leaf_Blight|Leaf_Gall|Deficiency_Leaf,0.989595|0.009923|0.000223,0.06042652949690819,true
微信图片_20260823223024_35_46,30,微信图片_20260823223024_35_46.jpg,微信图片_20260823223024_35_46.jpg,0.40,512,256,512,1763,1024,2275,crops/微信图片_20260823223024_35_46__w0030__s0.40.jpg,Leaf_Blight,0.9995902180671692,Leaf_Blight|Leaf_Gall|Dry_Leaf,0.999590|0.000322|0.000044,0.003922203555703163,true
微信图片_20260823223024_35_46,21,微信图片_20260823223024_35_46.jpg,微信图片_20260823223024_35_46.jpg,0.40,512,256,256,1280,768,1792,crops/微信图片_20260823223024_35_46__w0021__s0.40.jpg,Leaf_Blight,0.9980284571647644,Leaf_Blight|Leaf_Gall|Curl_Leaf,0.998028|0.001675|0.000104,0.01556104514747858,true
微信图片_20260823223024_35_46,43,微信图片_20260823223024_35_46.jpg,微信图片_20260823223024_35_46.jpg,0.60,768,384,512,1152,1280,1920,crops/微信图片_20260823223024_35_46__w0043__s0.60.jpg,Leaf_Gall,0.963761031627655,Leaf_Gall|Leaf_Blight|Bituminous_Leaf,0.963761|0.025938|0.005867,0.19149795174598694,true
微信图片_20260823223024_35_46,28,微信图片_20260823223024_35_46.jpg,微信图片_20260823223024_35_46.jpg,0.40,512,256,0,1763,512,2275,crops/微信图片_20260823223024_35_46__w0028__s0.40.jpg,Leaf_Blight,0.950071394443512,Leaf_Blight|Leaf_Gall|Fungal_Leaf_Spot,0.950071|0.030514|0.008291,0.2594583034515381,true
微信图片_20260823223024_35_46,0,微信图片_20260823223024_35_46.jpg,微信图片_20260823223024_35_46.jpg,0.40,512,256,0,0,512,512,crops/微信图片_20260823223024_35_46__w0000__s0.40.jpg,Leaf_Gall,0.8820607662200928,Leaf_Gall|Leaf_Blight|Deficiency_Leaf,0.882061|0.050089|0.030779,0.5437971353530884,true
微信图片_20260823223025_36_46,44,微信图片_20260823223025_36_46.jpg,微信图片_20260823223025_36_46.jpg,0.60,576,288,0,1130,576,1706,crops/微信图片_20260823223025_36_46__w0044__s0.60.jpg,Leaf_Blight,0.99869304895401,Leaf_Blight|Leaf_Gall|Curl_Leaf,0.998693|0.000903|0.000171,0.011386866681277752,true
微信图片_20260823223025_36_46,5,微信图片_20260823223025_36_46.jpg,微信图片_20260823223025_36_46.jpg,0.40,384,192,192,192,576,576,crops/微信图片_20260823223025_36_46__w0005__s0.40.jpg,Leaf_Blight,0.9986244440078735,Leaf_Blight|Leaf_Gall|Felt_Leaf,0.998624|0.001208|0.000070,0.01118017639964819,true
微信图片_20260823223025_36_46,12,微信图片_20260823223025_36_46.jpg,微信图片_20260823223025_36_46.jpg,0.40,384,192,0,576,384,960,crops/微信图片_20260823223025_36_46__w0012__s0.40.jpg,Leaf_Blight,0.9824345707893372,Leaf_Blight|Leaf_Gall|Curl_Leaf,0.982435|0.012733|0.002146,0.10439758002758026,true
微信图片_20260823223025_36_46,7,微信图片_20260823223025_36_46.jpg,微信图片_20260823223025_36_46.jpg,0.40,384,192,576,192,960,576,crops/微信图片_20260823223025_36_46__w0007__s0.40.jpg,Leaf_Blight,0.9749036431312561,Leaf_Blight|Leaf_Gall|Felt_Leaf,0.974904|0.024224|0.000638,0.12180805951356888,true
微信图片_20260823223025_36_46,31,微信图片_20260823223025_36_46.jpg,微信图片_20260823223025_36_46.jpg,0.40,384,192,576,1322,960,1706,crops/微信图片_20260823223025_36_46__w0031__s0.40.jpg,Leaf_Gall,0.9738569259643555,Leaf_Gall|Leaf_Blight|Felt_Leaf,0.973857|0.019128|0.006244,0.13958445191383362,true
微信图片_20260823223053_37_46,4,微信图片_20260823223053_37_46.jpg,微信图片_20260823223053_37_46.jpg,0.40,512,256,0,256,512,768,crops/微信图片_20260823223053_37_46__w0004__s0.40.jpg,Leaf_Gall,0.9981942772865295,Leaf_Gall|Leaf_Blight|Deficiency_Leaf,0.998194|0.001690|0.000072,0.013750400394201279,true
微信图片_20260823223053_37_46,28,微信图片_20260823223053_37_46.jpg,微信图片_20260823223053_37_46.jpg,0.40,512,256,0,1763,512,2275,crops/微信图片_20260823223053_37_46__w0028__s0.40.jpg,Leaf_Blight,0.9964242577552795,Leaf_Blight|Leaf_Gall|Felt_Leaf,0.996424|0.003268|0.000094,0.025246264412999153,true
微信图片_20260823223053_37_46,12,微信图片_20260823223053_37_46.jpg,微信图片_20260823223053_37_46.jpg,0.40,512,256,0,768,512,1280,crops/微信图片_20260823223053_37_46__w0012__s0.40.jpg,Leaf_Gall,0.9831716418266296,Leaf_Gall|Leaf_Blight|Deficiency_Leaf,0.983172|0.016291|0.000285,0.08846011757850647,true
微信图片_20260823223053_37_46,7,微信图片_20260823223053_37_46.jpg,微信图片_20260823223053_37_46.jpg,0.40,512,256,768,256,1280,768,crops/微信图片_20260823223053_37_46__w0007__s0.40.jpg,Leaf_Gall,0.9477569460868835,Leaf_Gall|Leaf_Blight|Deficiency_Leaf,0.947757|0.048163|0.002210,0.22464078664779663,true
微信图片_20260823223053_37_46,21,微信图片_20260823223053_37_46.jpg,微信图片_20260823223053_37_46.jpg,0.40,512,256,256,1280,768,1792,crops/微信图片_20260823223053_37_46__w0021__s0.40.jpg,Leaf_Gall,0.9429325461387634,Leaf_Gall|Leaf_Blight|Deficiency_Leaf,0.942933|0.056668|0.000198,0.22161296010017395,true
微信图片_20260823223054_38_46,20,微信图片_20260823223054_38_46.jpg,微信图片_20260823223054_38_46.jpg,0.40,512,256,0,1280,512,1792,crops/微信图片_20260823223054_38_46__w0020__s0.40.jpg,Leaf_Gall,0.990998387336731,Leaf_Gall|Leaf_Blight|Deficiency_Leaf,0.990998|0.007848|0.000714,0.056104037910699844,true
微信图片_20260823223054_38_46,19,微信图片_20260823223054_38_46.jpg,微信图片_20260823223054_38_46.jpg,0.40,512,256,768,1024,1280,1536,crops/微信图片_20260823223054_38_46__w0019__s0.40.jpg,Leaf_Gall,0.9792793989181519,Leaf_Gall|Leaf_Blight|Deficiency_Leaf,0.979279|0.018806|0.001246,0.10964149981737137,true
微信图片_20260823223054_38_46,7,微信图片_20260823223054_38_46.jpg,微信图片_20260823223054_38_46.jpg,0.40,512,256,768,256,1280,768,crops/微信图片_20260823223054_38_46__w0007__s0.40.jpg,Leaf_Gall,0.9631801843643188,Leaf_Gall|Leaf_Blight|Felt_Leaf,0.963180|0.035932|0.000728,0.1624455451965332,true
微信图片_20260823223054_38_46,38,微信图片_20260823223054_38_46.jpg,微信图片_20260823223054_38_46.jpg,0.60,768,384,0,768,768,1536,crops/微信图片_20260823223054_38_46__w0038__s0.60.jpg,Leaf_Gall,0.9319074749946594,Leaf_Gall|Leaf_Blight|Deficiency_Leaf,0.931907|0.024343|0.013459,0.36349549889564514,true
微信图片_20260823223054_38_46,37,微信图片_20260823223054_38_46.jpg,微信图片_20260823223054_38_46.jpg,0.60,768,384,512,384,1280,1152,crops/微信图片_20260823223054_38_46__w0037__s0.60.jpg,Leaf_Gall,0.9271246194839478,Leaf_Gall|Leaf_Blight|Felt_Leaf,0.927125|0.049396|0.010346,0.344254732131958,true
微信图片_20260823223055_39_46,24,微信图片_20260823223055_39_46.jpg,微信图片_20260823223055_39_46.jpg,0.40,384,192,0,1152,384,1536,crops/微信图片_20260823223055_39_46__w0024__s0.40.jpg,Leaf_Gall,0.9998152852058411,Leaf_Gall|Leaf_Blight|Felt_Leaf,0.999815|0.000123|0.000053,0.0019231279147788882,true
微信图片_20260823223055_39_46,16,微信图片_20260823223055_39_46.jpg,微信图片_20260823223055_39_46.jpg,0.40,384,192,0,768,384,1152,crops/微信图片_20260823223055_39_46__w0016__s0.40.jpg,Leaf_Gall,0.9987189769744873,Leaf_Gall|Leaf_Blight|Felt_Leaf,0.998719|0.000616|0.000535,0.011128641664981842,true
微信图片_20260823223055_39_46,41,微信图片_20260823223055_39_46.jpg,微信图片_20260823223055_39_46.jpg,0.60,576,288,0,864,576,1440,crops/微信图片_20260823223055_39_46__w0041__s0.60.jpg,Leaf_Gall,0.9986621141433716,Leaf_Gall|Leaf_Blight|Felt_Leaf,0.998662|0.000667|0.000634,0.011289915069937706,true
微信图片_20260823223055_39_46,3,微信图片_20260823223055_39_46.jpg,微信图片_20260823223055_39_46.jpg,0.40,384,192,576,0,960,384,crops/微信图片_20260823223055_39_46__w0003__s0.40.jpg,Leaf_Gall,0.9966637492179871,Leaf_Gall|Leaf_Blight|Felt_Leaf,0.996664|0.002685|0.000357,0.02474641427397728,true
微信图片_20260823223055_39_46,0,微信图片_20260823223055_39_46.jpg,微信图片_20260823223055_39_46.jpg,0.40,384,192,0,0,384,384,crops/微信图片_20260823223055_39_46__w0000__s0.40.jpg,Leaf_Gall,0.9963429570198059,Leaf_Gall|Leaf_Blight|Deficiency_Leaf,0.996343|0.003393|0.000089,0.025491323322057724,true
微信图片_20260823223056_40_46,12,微信图片_20260823223056_40_46.jpg,微信图片_20260823223056_40_46.jpg,0.40,512,256,0,768,512,1280,crops/微信图片_20260823223056_40_46__w0012__s0.40.jpg,Leaf_Gall,0.9976171851158142,Leaf_Gall|Leaf_Blight|Deficiency_Leaf,0.997617|0.002319|0.000025,0.017136193811893463,true
微信图片_20260823223056_40_46,17,微信图片_20260823223056_40_46.jpg,微信图片_20260823223056_40_46.jpg,0.40,512,256,256,1024,768,1536,crops/微信图片_20260823223056_40_46__w0017__s0.40.jpg,Leaf_Gall,0.9975749850273132,Leaf_Gall|Leaf_Blight|Healthy_Leaf,0.997575|0.002323|0.000052,0.01756981573998928,true
微信图片_20260823223056_40_46,19,微信图片_20260823223056_40_46.jpg,微信图片_20260823223056_40_46.jpg,0.40,512,256,768,1024,1280,1536,crops/微信图片_20260823223056_40_46__w0019__s0.40.jpg,Leaf_Gall,0.9935033917427063,Leaf_Gall|Leaf_Blight|Deficiency_Leaf,0.993503|0.005614|0.000420,0.042722344398498535,true
微信图片_20260823223056_40_46,14,微信图片_20260823223056_40_46.jpg,微信图片_20260823223056_40_46.jpg,0.40,512,256,512,768,1024,1280,crops/微信图片_20260823223056_40_46__w0014__s0.40.jpg,Leaf_Gall,0.9840309619903564,Leaf_Gall|Leaf_Blight|Deficiency_Leaf,0.984031|0.014746|0.000934,0.08722013235092163,true
微信图片_20260823223056_40_46,7,微信图片_20260823223056_40_46.jpg,微信图片_20260823223056_40_46.jpg,0.40,512,256,768,256,1280,768,crops/微信图片_20260823223056_40_46__w0007__s0.40.jpg,Leaf_Gall,0.983535647392273,Leaf_Gall|Leaf_Blight|Deficiency_Leaf,0.983536|0.016217|0.000142,0.08550187945365906,true
微信图片_20260823223056_41_46,23,微信图片_20260823223056_41_46.jpg,微信图片_20260823223056_41_46.jpg,0.40,384,192,576,960,960,1344,crops/微信图片_20260823223056_41_46__w0023__s0.40.jpg,Leaf_Gall,0.9975340366363525,Leaf_Gall|Felt_Leaf|Leaf_Blight,0.997534|0.001301|0.000754,0.02032288908958435,true
微信图片_20260823223056_41_46,3,微信图片_20260823223056_41_46.jpg,微信图片_20260823223056_41_46.jpg,0.40,384,192,576,0,960,384,crops/微信图片_20260823223056_41_46__w0003__s0.40.jpg,Leaf_Gall,0.9945452213287354,Leaf_Gall|Felt_Leaf|Leaf_Blight,0.994545|0.002500|0.001527,0.04070834815502167,true
微信图片_20260823223056_41_46,16,微信图片_20260823223056_41_46.jpg,微信图片_20260823223056_41_46.jpg,0.40,384,192,0,768,384,1152,crops/微信图片_20260823223056_41_46__w0016__s0.40.jpg,Leaf_Gall,0.9915155172348022,Leaf_Gall|Leaf_Blight|Felt_Leaf,0.991516|0.005620|0.002358,0.05600886419415474,true
微信图片_20260823223056_41_46,25,微信图片_20260823223056_41_46.jpg,微信图片_20260823223056_41_46.jpg,0.40,384,192,192,1152,576,1536,crops/微信图片_20260823223056_41_46__w0025__s0.40.jpg,Leaf_Gall,0.9839951395988464,Leaf_Gall|Leaf_Blight|Felt_Leaf,0.983995|0.008330|0.005391,0.10103917121887207,true
微信图片_20260823223056_41_46,6,微信图片_20260823223056_41_46.jpg,微信图片_20260823223056_41_46.jpg,0.40,384,192,384,192,768,576,crops/微信图片_20260823223056_41_46__w0006__s0.40.jpg,Leaf_Gall,0.9696184992790222,Leaf_Gall|Leaf_Blight|Felt_Leaf,0.969618|0.026836|0.003367,0.14786593616008759,true
微信图片_20260823223147_42_46,30,微信图片_20260823223147_42_46.jpg,微信图片_20260823223147_42_46.jpg,0.40,432,216,432,1488,864,1920,crops/微信图片_20260823223147_42_46__w0030__s0.40.jpg,Leaf_Gall,0.9928277134895325,Leaf_Gall|Leaf_Blight|Healthy_Leaf,0.992828|0.003518|0.002557,0.050638630986213684,true
微信图片_20260823223147_42_46,27,微信图片_20260823223147_42_46.jpg,微信图片_20260823223147_42_46.jpg,0.40,432,216,648,1296,1080,1728,crops/微信图片_20260823223147_42_46__w0027__s0.40.jpg,Leaf_Gall,0.9910656809806824,Leaf_Gall|Leaf_Blight|Healthy_Leaf,0.991066|0.007566|0.000731,0.056474365293979645,true
微信图片_20260823223147_42_46,6,微信图片_20260823223147_42_46.jpg,微信图片_20260823223147_42_46.jpg,0.40,432,216,432,216,864,648,crops/微信图片_20260823223147_42_46__w0006__s0.40.jpg,Leaf_Blight,0.9836636781692505,Leaf_Blight|Leaf_Gall|Curl_Leaf,0.983664|0.015654|0.000271,0.08722946047782898,true
微信图片_20260823223147_42_46,4,微信图片_20260823223147_42_46.jpg,微信图片_20260823223147_42_46.jpg,0.40,432,216,0,216,432,648,crops/微信图片_20260823223147_42_46__w0004__s0.40.jpg,Leaf_Gall,0.9768299460411072,Leaf_Gall|Leaf_Blight|Felt_Leaf,0.976830|0.022765|0.000239,0.11254168301820755,true
微信图片_20260823223147_42_46,21,微信图片_20260823223147_42_46.jpg,微信图片_20260823223147_42_46.jpg,0.40,432,216,216,1080,648,1512,crops/微信图片_20260823223147_42_46__w0021__s0.40.jpg,Leaf_Gall,0.9686371684074402,Leaf_Gall|Leaf_Blight|Deficiency_Leaf,0.968637|0.031274|0.000044,0.14015813171863556,true
微信图片_20260823223148_43_46,13,微信图片_20260823223148_43_46.jpg,微信图片_20260823223148_43_46.jpg,0.40,324,162,162,486,486,810,crops/微信图片_20260823223148_43_46__w0013__s0.40.jpg,Leaf_Gall,0.9997839331626892,Leaf_Gall|Leaf_Blight|Felt_Leaf,0.999784|0.000163|0.000034,0.002212605671957135,true
微信图片_20260823223148_43_46,18,微信图片_20260823223148_43_46.jpg,微信图片_20260823223148_43_46.jpg,0.40,324,162,324,648,648,972,crops/微信图片_20260823223148_43_46__w0018__s0.40.jpg,Leaf_Gall,0.9993481040000916,Leaf_Gall|Leaf_Blight|Felt_Leaf,0.999348|0.000346|0.000138,0.006313116289675236,true
微信图片_20260823223148_43_46,2,微信图片_20260823223148_43_46.jpg,微信图片_20260823223148_43_46.jpg,0.40,324,162,324,0,648,324,crops/微信图片_20260823223148_43_46__w0002__s0.40.jpg,Leaf_Gall,0.9987927675247192,Leaf_Gall|Leaf_Blight|Felt_Leaf,0.998793|0.001103|0.000083,0.00975499115884304,true
微信图片_20260823223148_43_46,7,微信图片_20260823223148_43_46.jpg,微信图片_20260823223148_43_46.jpg,0.40,324,162,486,162,810,486,crops/微信图片_20260823223148_43_46__w0007__s0.40.jpg,Leaf_Gall,0.997992992401123,Leaf_Gall|Leaf_Blight|Felt_Leaf,0.997993|0.001767|0.000143,0.015496072359383106,true
微信图片_20260823223148_43_46,16,微信图片_20260823223148_43_46.jpg,微信图片_20260823223148_43_46.jpg,0.40,324,162,0,648,324,972,crops/微信图片_20260823223148_43_46__w0016__s0.40.jpg,Leaf_Gall,0.996016800403595,Leaf_Gall|Felt_Leaf|Leaf_Blight,0.996017|0.002362|0.001310,0.02970714494585991,true
微信图片_20260823223149_44_46,39,微信图片_20260823223149_44_46.jpg,微信图片_20260823223149_44_46.jpg,0.60,648,324,324,648,972,1296,crops/微信图片_20260823223149_44_46__w0039__s0.60.jpg,Leaf_Blight,0.999920129776001,Leaf_Blight|Leaf_Gall|Curl_Leaf,0.999920|0.000078|0.000001,0.0008461757679469883,true
微信图片_20260823223149_44_46,17,微信图片_20260823223149_44_46.jpg,微信图片_20260823223149_44_46.jpg,0.40,432,216,216,864,648,1296,crops/微信图片_20260823223149_44_46__w0017__s0.40.jpg,Leaf_Blight,0.999907374382019,Leaf_Blight|Leaf_Gall|Dry_Leaf,0.999907|0.000092|0.000000,0.0009576919837854803,true
微信图片_20260823223149_44_46,44,微信图片_20260823223149_44_46.jpg,微信图片_20260823223149_44_46.jpg,0.60,648,324,0,1272,648,1920,crops/微信图片_20260823223149_44_46__w0044__s0.60.jpg,Leaf_Blight,0.9998754262924194,Leaf_Blight|Leaf_Gall|Curl_Leaf,0.999875|0.000121|0.000001,0.0012666139518842101,true
微信图片_20260823223149_44_46,35,微信图片_20260823223149_44_46.jpg,微信图片_20260823223149_44_46.jpg,0.60,648,324,0,324,648,972,crops/微信图片_20260823223149_44_46__w0035__s0.60.jpg,Leaf_Blight,0.9998483657836914,Leaf_Blight|Leaf_Gall|Curl_Leaf,0.999848|0.000143|0.000003,0.001530952868051827,true
微信图片_20260823223149_44_46,37,微信图片_20260823223149_44_46.jpg,微信图片_20260823223149_44_46.jpg,0.60,648,324,432,324,1080,972,crops/微信图片_20260823223149_44_46__w0037__s0.60.jpg,Leaf_Blight,0.9983816146850586,Leaf_Blight|Leaf_Gall|Curl_Leaf,0.998382|0.001573|0.000029,0.012279323302209377,true
微信图片_20260823223235_45_46,20,微信图片_20260823223235_45_46.jpg,微信图片_20260823223235_45_46.jpg,0.40,449,224,896,448,1345,897,crops/微信图片_20260823223235_45_46__w0020__s0.40.jpg,Curl_Leaf,0.9977267384529114,Curl_Leaf|Deficiency_Leaf|Leaf_Blight,0.997727|0.001218|0.000845,0.01842370815575123,true
微信图片_20260823223235_45_46,25,微信图片_20260823223235_45_46.jpg,微信图片_20260823223235_45_46.jpg,0.40,449,224,224,672,673,1121,crops/微信图片_20260823223235_45_46__w0025__s0.40.jpg,Leaf_Blight,0.982730507850647,Leaf_Blight|Leaf_Gall|Curl_Leaf,0.982731|0.015794|0.000720,0.09404158592224121,true
微信图片_20260823223235_45_46,3,微信图片_20260823223235_45_46.jpg,微信图片_20260823223235_45_46.jpg,0.40,449,224,672,0,1121,449,crops/微信图片_20260823223235_45_46__w0003__s0.40.jpg,Leaf_Blight,0.973742663860321,Leaf_Blight|Curl_Leaf|Leaf_Gall,0.973743|0.017329|0.006522,0.14472812414169312,true
微信图片_20260823223235_45_46,49,微信图片_20260823223235_45_46.jpg,微信图片_20260823223235_45_46.jpg,0.60,673,336,1319,336,1992,1009,crops/微信图片_20260823223235_45_46__w0049__s0.60.jpg,Leaf_Blight,0.9686962366104126,Leaf_Blight|Curl_Leaf|Leaf_Gall,0.968696|0.025453|0.003985,0.15975576639175415,true
微信图片_20260823223235_45_46,8,微信图片_20260823223235_45_46.jpg,微信图片_20260823223235_45_46.jpg,0.40,449,224,0,224,449,673,crops/微信图片_20260823223235_45_46__w0008__s0.40.jpg,Leaf_Gall,0.9603562355041504,Leaf_Gall|Leaf_Blight|Felt_Leaf,0.960356|0.030916|0.004678,0.19859421253204346,true
微信图片_20260823223401_46_46,26,微信图片_20260823223401_46_46.jpg,微信图片_20260823223401_46_46.jpg,0.40,512,256,512,1536,1024,2048,crops/微信图片_20260823223401_46_46__w0026__s0.40.jpg,Leaf_Blight,0.9931406378746033,Leaf_Blight|Leaf_Gall|Curl_Leaf,0.993141|0.004572|0.000844,0.04882625490427017,true
微信图片_20260823223401_46_46,28,微信图片_20260823223401_46_46.jpg,微信图片_20260823223401_46_46.jpg,0.40,512,256,0,1763,512,2275,crops/微信图片_20260823223401_46_46__w0028__s0.40.jpg,Leaf_Blight,0.9921608567237854,Leaf_Blight|Leaf_Gall|Curl_Leaf,0.992161|0.003830|0.001509,0.05748777836561203,true
微信图片_20260823223401_46_46,10,微信图片_20260823223401_46_46.jpg,微信图片_20260823223401_46_46.jpg,0.40,512,256,512,512,1024,1024,crops/微信图片_20260823223401_46_46__w0010__s0.40.jpg,Leaf_Blight,0.9897994995117188,Leaf_Blight|Leaf_Gall|Fungal_Leaf_Spot,0.989799|0.006176|0.001884,0.06877724826335907,true
微信图片_20260823223401_46_46,21,微信图片_20260823223401_46_46.jpg,微信图片_20260823223401_46_46.jpg,0.40,512,256,256,1280,768,1792,crops/微信图片_20260823223401_46_46__w0021__s0.40.jpg,Leaf_Blight,0.9859563112258911,Leaf_Blight|Curl_Leaf|Leaf_Gall,0.985956|0.005111|0.003542,0.0973992571234703,true
微信图片_20260823223401_46_46,18,微信图片_20260823223401_46_46.jpg,微信图片_20260823223401_46_46.jpg,0.40,512,256,512,1024,1024,1536,crops/微信图片_20260823223401_46_46__w0018__s0.40.jpg,Leaf_Blight,0.9754332304000854,Leaf_Blight|Leaf_Gall|Curl_Leaf,0.975433|0.018309|0.001708,0.13933970034122467,true
微信图片_20260823223403_48_46,1,微信图片_20260823223403_48_46.jpg,微信图片_20260823223403_48_46.jpg,0.40,512,256,256,0,768,512,crops/微信图片_20260823223403_48_46__w0001__s0.40.jpg,Leaf_Gall,0.9999278783798218,Leaf_Gall|Leaf_Blight|Felt_Leaf,0.999928|0.000049|0.000014,0.0008291914709843695,true
微信图片_20260823223403_48_46,28,微信图片_20260823223403_48_46.jpg,微信图片_20260823223403_48_46.jpg,0.40,512,256,0,1763,512,2275,crops/微信图片_20260823223403_48_46__w0028__s0.40.jpg,Leaf_Blight,0.9969438910484314,Leaf_Blight|Leaf_Gall|Curl_Leaf,0.996944|0.002850|0.000066,0.02179628238081932,true
微信图片_20260823223403_48_46,30,微信图片_20260823223403_48_46.jpg,微信图片_20260823223403_48_46.jpg,0.40,512,256,512,1763,1024,2275,crops/微信图片_20260823223403_48_46__w0030__s0.40.jpg,Leaf_Blight,0.994731068611145,Leaf_Blight|Leaf_Gall|Felt_Leaf,0.994731|0.004790|0.000155,0.035283416509628296,true
微信图片_20260823223403_48_46,4,微信图片_20260823223403_48_46.jpg,微信图片_20260823223403_48_46.jpg,0.40,512,256,0,256,512,768,crops/微信图片_20260823223403_48_46__w0004__s0.40.jpg,Leaf_Gall,0.9927411079406738,Leaf_Gall|Leaf_Blight|Fungal_Leaf_Spot,0.992741|0.003471|0.002172,0.05284077674150467,true
微信图片_20260823223403_48_46,14,微信图片_20260823223403_48_46.jpg,微信图片_20260823223403_48_46.jpg,0.40,512,256,512,768,1024,1280,crops/微信图片_20260823223403_48_46__w0014__s0.40.jpg,Leaf_Gall,0.9794929623603821,Leaf_Gall|Leaf_Blight|Deficiency_Leaf,0.979493|0.015544|0.002162,0.11883311718702316,true
微信图片_20260823223404_49_46,46,微信图片_20260823223404_49_46.jpg,微信图片_20260823223404_49_46.jpg,0.60,576,288,384,1130,960,1706,crops/微信图片_20260823223404_49_46__w0046__s0.60.jpg,Leaf_Gall,0.9937042593955994,Leaf_Gall|Leaf_Blight|Felt_Leaf,0.993704|0.003839|0.002112,0.04383242875337601,true
微信图片_20260823223404_49_46,12,微信图片_20260823223404_49_46.jpg,微信图片_20260823223404_49_46.jpg,0.40,384,192,0,576,384,960,crops/微信图片_20260823223404_49_46__w0012__s0.40.jpg,Curl_Leaf,0.9825882911682129,Curl_Leaf|Leaf_Blight|Deficiency_Leaf,0.982588|0.010456|0.004092,0.10757647454738617,true
微信图片_20260823223404_49_46,20,微信图片_20260823223404_49_46.jpg,微信图片_20260823223404_49_46.jpg,0.40,384,192,0,960,384,1344,crops/微信图片_20260823223404_49_46__w0020__s0.40.jpg,Felt_Leaf,0.9759191870689392,Felt_Leaf|Fungal_Leaf_Spot|Curl_Leaf,0.975919|0.013014|0.006516,0.14253553748130798,true
微信图片_20260823223404_49_46,32,微信图片_20260823223404_49_46.jpg,微信图片_20260823223404_49_46.jpg,0.60,576,288,0,0,576,576,crops/微信图片_20260823223404_49_46__w0032__s0.60.jpg,Leaf_Gall,0.9025940299034119,Leaf_Gall|Leaf_Blight|Felt_Leaf,0.902594|0.064039|0.020519,0.41283801198005676,true
微信图片_20260823223404_49_46,39,微信图片_20260823223404_49_46.jpg,微信图片_20260823223404_49_46.jpg,0.60,576,288,288,576,864,1152,crops/微信图片_20260823223404_49_46__w0039__s0.60.jpg,Leaf_Blight,0.8853268027305603,Leaf_Blight|Leaf_Gall|Curl_Leaf,0.885327|0.085071|0.011622,0.4615940451622009,true
微信图片_20260823223404_50_46,2,微信图片_20260823223404_50_46.jpg,微信图片_20260823223404_50_46.jpg,0.40,512,256,512,0,1024,512,crops/微信图片_20260823223404_50_46__w0002__s0.40.jpg,Leaf_Gall,0.9986453652381897,Leaf_Gall|Leaf_Blight|Felt_Leaf,0.998645|0.000622|0.000348,0.012026146985590458,true
微信图片_20260823223404_50_46,42,微信图片_20260823223404_50_46.jpg,微信图片_20260823223404_50_46.jpg,0.60,768,384,384,1152,1152,1920,crops/微信图片_20260823223404_50_46__w0042__s0.60.jpg,Bituminous_Leaf,0.993740975856781,Bituminous_Leaf|Leaf_Gall|Deficiency_Leaf,0.993741|0.003717|0.000579,0.04684288054704666,true
微信图片_20260823223404_50_46,17,微信图片_20260823223404_50_46.jpg,微信图片_20260823223404_50_46.jpg,0.40,512,256,256,1024,768,1536,crops/微信图片_20260823223404_50_46__w0017__s0.40.jpg,Bituminous_Leaf,0.9767780303955078,Bituminous_Leaf|Leaf_Gall|Fungal_Leaf_Spot,0.976778|0.011665|0.002897,0.14816422760486603,true
微信图片_20260823223404_50_46,20,微信图片_20260823223404_50_46.jpg,微信图片_20260823223404_50_46.jpg,0.40,512,256,0,1280,512,1792,crops/微信图片_20260823223404_50_46__w0020__s0.40.jpg,Bituminous_Leaf,0.974982738494873,Bituminous_Leaf|Leaf_Gall|Deficiency_Leaf,0.974983|0.015392|0.002310,0.1515595018863678,true
微信图片_20260823223404_50_46,40,微信图片_20260823223404_50_46.jpg,微信图片_20260823223404_50_46.jpg,0.60,768,384,512,768,1280,1536,crops/微信图片_20260823223404_50_46__w0040__s0.60.jpg,Bituminous_Leaf,0.9745813012123108,Bituminous_Leaf|Leaf_Gall|Fungal_Leaf_Spot,0.974581|0.015447|0.005415,0.14922258257865906,true
微信图片_20260823223406_52_46,35,微信图片_20260823223406_52_46.jpg,微信图片_20260823223406_52_46.jpg,0.60,576,288,0,288,576,864,crops/微信图片_20260823223406_52_46__w0035__s0.60.jpg,Leaf_Gall,0.9979850053787231,Leaf_Gall|Leaf_Blight|Fungal_Leaf_Spot,0.997985|0.000837|0.000576,0.01704508066177368,true
微信图片_20260823223406_52_46,12,微信图片_20260823223406_52_46.jpg,微信图片_20260823223406_52_46.jpg,0.40,384,192,0,576,384,960,crops/微信图片_20260823223406_52_46__w0012__s0.40.jpg,Leaf_Gall,0.9970864653587341,Leaf_Gall|Felt_Leaf|Leaf_Blight,0.997086|0.001401|0.000958,0.02320883981883526,true
微信图片_20260823223406_52_46,15,微信图片_20260823223406_52_46.jpg,微信图片_20260823223406_52_46.jpg,0.40,384,192,576,576,960,960,crops/微信图片_20260823223406_52_46__w0015__s0.40.jpg,Leaf_Blight,0.9963296055793762,Leaf_Blight|Leaf_Gall|Curl_Leaf,0.996330|0.003460|0.000054,0.02538914792239666,true
微信图片_20260823223406_52_46,5,微信图片_20260823223406_52_46.jpg,微信图片_20260823223406_52_46.jpg,0.40,384,192,192,192,576,576,crops/微信图片_20260823223406_52_46__w0005__s0.40.jpg,Leaf_Gall,0.9939216375350952,Leaf_Gall|Felt_Leaf|Fungal_Leaf_Spot,0.993922|0.003361|0.001923,0.04348339885473251,true
微信图片_20260823223406_52_46,7,微信图片_20260823223406_52_46.jpg,微信图片_20260823223406_52_46.jpg,0.40,384,192,576,192,960,576,crops/微信图片_20260823223406_52_46__w0007__s0.40.jpg,Leaf_Blight,0.9427425265312195,Leaf_Blight|Leaf_Gall|Curl_Leaf,0.942743|0.031347|0.012867,0.28529682755470276,true
