image_id,source_filename,source_image,window_count,candidate_count,best_window_id,best_predicted_label,best_confidence,top3_labels,prediction_agreement,review_status
微信图片_20260823222858_28_46,微信图片_20260823222858_28_46.jpg,微信图片_20260823222858_28_46.jpg,47,5,32,Leaf_Gall,0.994145,Leaf_Gall|Leaf_Blight|Felt_Leaf,agree,high_confidence_candidate
微信图片_20260823222859_29_46,微信图片_20260823222859_29_46.jpg,微信图片_20260823222859_29_46.jpg,47,5,36,Leaf_Gall,0.998301,Leaf_Gall|Felt_Leaf|Leaf_Blight,disagree,ambiguous_multi_window_prediction
微信图片_20260823222900_30_46,微信图片_20260823222900_30_46.jpg,微信图片_20260823222900_30_46.jpg,47,5,5,Leaf_Gall,0.998752,Leaf_Gall|Leaf_Blight|Felt_Leaf,agree,high_confidence_candidate
微信图片_20260823222900_31_46,微信图片_20260823222900_31_46.jpg,微信图片_20260823222900_31_46.jpg,47,5,33,Leaf_Gall,0.998637,Leaf_Gall|Leaf_Blight|Deficiency_Leaf,agree,high_confidence_candidate
微信图片_20260823223021_32_46,微信图片_20260823223021_32_46.jpg,微信图片_20260823223021_32_46.jpg,47,5,40,Leaf_Blight,0.996033,Leaf_Blight|Leaf_Gall|Fungal_Leaf_Spot,disagree,ambiguous_multi_window_prediction
微信图片_20260823223023_33_46,微信图片_20260823223023_33_46.jpg,微信图片_20260823223023_33_46.jpg,47,5,32,Bituminous_Leaf,0.998378,Bituminous_Leaf|Leaf_Gall|Deficiency_Leaf,disagree,ambiguous_multi_window_prediction
微信图片_20260823223023_34_46,微信图片_20260823223023_34_46.jpg,微信图片_20260823223023_34_46.jpg,47,5,30,Leaf_Blight,0.997918,Leaf_Blight|Curl_Leaf|Leaf_Gall,agree,high_confidence_candidate
微信图片_20260823223024_35_46,微信图片_20260823223024_35_46.jpg,微信图片_20260823223024_35_46.jpg,47,5,30,Leaf_Blight,0.999590,Leaf_Blight|Leaf_Gall|Dry_Leaf,disagree,ambiguous_multi_window_prediction
微信图片_20260823223025_36_46,微信图片_20260823223025_36_46.jpg,微信图片_20260823223025_36_46.jpg,47,5,44,Leaf_Blight,0.998693,Leaf_Blight|Leaf_Gall|Curl_Leaf,disagree,ambiguous_multi_window_prediction
微信图片_20260823223053_37_46,微信图片_20260823223053_37_46.jpg,微信图片_20260823223053_37_46.jpg,47,5,4,Leaf_Gall,0.998194,Leaf_Gall|Leaf_Blight|Deficiency_Leaf,disagree,ambiguous_multi_window_prediction
微信图片_20260823223054_38_46,微信图片_20260823223054_38_46.jpg,微信图片_20260823223054_38_46.jpg,47,5,20,Leaf_Gall,0.990998,Leaf_Gall|Leaf_Blight|Deficiency_Leaf,agree,high_confidence_candidate
微信图片_20260823223055_39_46,微信图片_20260823223055_39_46.jpg,微信图片_20260823223055_39_46.jpg,47,5,24,Leaf_Gall,0.999815,Leaf_Gall|Leaf_Blight|Felt_Leaf,agree,high_confidence_candidate
微信图片_20260823223056_40_46,微信图片_20260823223056_40_46.jpg,微信图片_20260823223056_40_46.jpg,47,5,12,Leaf_Gall,0.997617,Leaf_Gall|Leaf_Blight|Deficiency_Leaf,agree,high_confidence_candidate
微信图片_20260823223056_41_46,微信图片_20260823223056_41_46.jpg,微信图片_20260823223056_41_46.jpg,47,5,23,Leaf_Gall,0.997534,Leaf_Gall|Felt_Leaf|Leaf_Blight,agree,high_confidence_candidate
微信图片_20260823223147_42_46,微信图片_20260823223147_42_46.jpg,微信图片_20260823223147_42_46.jpg,47,5,30,Leaf_Gall,0.992828,Leaf_Gall|Leaf_Blight|Healthy_Leaf,disagree,ambiguous_multi_window_prediction
微信图片_20260823223148_43_46,微信图片_20260823223148_43_46.jpg,微信图片_20260823223148_43_46.jpg,47,5,13,Leaf_Gall,0.999784,Leaf_Gall|Leaf_Blight|Felt_Leaf,agree,high_confidence_candidate
微信图片_20260823223149_44_46,微信图片_20260823223149_44_46.jpg,微信图片_20260823223149_44_46.jpg,47,5,39,Leaf_Blight,0.999920,Leaf_Blight|Leaf_Gall|Curl_Leaf,agree,high_confidence_candidate
微信图片_20260823223235_45_46,微信图片_20260823223235_45_46.jpg,微信图片_20260823223235_45_46.jpg,55,5,20,Curl_Leaf,0.997727,Curl_Leaf|Deficiency_Leaf|Leaf_Blight,disagree,ambiguous_multi_window_prediction
微信图片_20260823223401_46_46,微信图片_20260823223401_46_46.jpg,微信图片_20260823223401_46_46.jpg,47,5,26,Leaf_Blight,0.993141,Leaf_Blight|Leaf_Gall|Curl_Leaf,agree,high_confidence_candidate
微信图片_20260823223403_48_46,微信图片_20260823223403_48_46.jpg,微信图片_20260823223403_48_46.jpg,47,5,1,Leaf_Gall,0.999928,Leaf_Gall|Leaf_Blight|Felt_Leaf,disagree,ambiguous_multi_window_prediction
微信图片_20260823223404_49_46,微信图片_20260823223404_49_46.jpg,微信图片_20260823223404_49_46.jpg,47,5,46,Leaf_Gall,0.993704,Leaf_Gall|Leaf_Blight|Felt_Leaf,disagree,ambiguous_multi_window_prediction
微信图片_20260823223404_50_46,微信图片_20260823223404_50_46.jpg,微信图片_20260823223404_50_46.jpg,47,5,2,Leaf_Gall,0.998645,Leaf_Gall|Leaf_Blight|Felt_Leaf,disagree,ambiguous_multi_window_prediction
微信图片_20260823223406_52_46,微信图片_20260823223406_52_46.jpg,微信图片_20260823223406_52_46.jpg,47,5,35,Leaf_Gall,0.997985,Leaf_Gall|Leaf_Blight|Fungal_Leaf_Spot,disagree,ambiguous_multi_window_prediction
