index,board_name,crop_path,pc_label,pc_confidence,k230_label,k230_confidence,k230_top3,latency_ms,dimensions,top1_match
0,crop_00.jpg,archived_results/real_scene_23_sliding_window/crops/微信图片_20260823222858_28_46__w0032__s0.60.jpg,Leaf_Gall,0.994422972202301,Deficiency_Leaf,0.638436,Deficiency_Leaf;Leaf_Gall;Curl_Leaf,63,768x768,false
1,crop_01.jpg,archived_results/real_scene_23_sliding_window/crops/微信图片_20260823222858_28_46__w0037__s0.60.jpg,Leaf_Gall,0.9943599104881287,Deficiency_Leaf,0.476588,Deficiency_Leaf;Leaf_Gall;Leaf_Blight,63,768x768,false
2,crop_02.jpg,archived_results/real_scene_23_sliding_window/crops/微信图片_20260823222858_28_46__w0039__s0.60.jpg,Leaf_Gall,0.9697543382644653,Curl_Leaf,0.601945,Curl_Leaf;Deficiency_Leaf;Leaf_Blight,65,768x768,false
3,crop_03.jpg,archived_results/real_scene_23_sliding_window/crops/微信图片_20260823222858_28_46__w0009__s0.40.jpg,Leaf_Gall,0.9599879384040833,Deficiency_Leaf,0.759744,Deficiency_Leaf;Leaf_Gall;Anthrax_Leaf,62,512x512,false
4,crop_04.jpg,archived_results/real_scene_23_sliding_window/crops/微信图片_20260823222858_28_46__w0019__s0.40.jpg,Leaf_Gall,0.9529905915260315,Deficiency_Leaf,0.530384,Deficiency_Leaf;Curl_Leaf;Anthrax_Leaf,62,512x512,false
5,crop_05.jpg,archived_results/real_scene_23_sliding_window/crops/微信图片_20260823222859_29_46__w0036__s0.60.jpg,Leaf_Gall,0.9982571005821228,Curl_Leaf,0.537529,Curl_Leaf;Deficiency_Leaf;Leaf_Gall,62,576x576,false
6,crop_06.jpg,archived_results/real_scene_23_sliding_window/crops/微信图片_20260823222859_29_46__w0012__s0.40.jpg,Leaf_Gall,0.9960224032402039,Deficiency_Leaf,0.36415,Deficiency_Leaf;Leaf_Blight;Curl_Leaf,61,384x384,false
7,crop_07.jpg,archived_results/real_scene_23_sliding_window/crops/微信图片_20260823222859_29_46__w0001__s0.40.jpg,Leaf_Gall,0.994649350643158,Deficiency_Leaf,0.81281,Deficiency_Leaf;Curl_Leaf;Leaf_Gall,62,384x384,false
8,crop_08.jpg,archived_results/real_scene_23_sliding_window/crops/微信图片_20260823222859_29_46__w0015__s0.40.jpg,Leaf_Gall,0.98837810754776,Fungal_Leaf_Spot,0.385924,Fungal_Leaf_Spot;Healthy_Leaf;Felt_Leaf,61,384x384,false
9,crop_09.jpg,archived_results/real_scene_23_sliding_window/crops/微信图片_20260823222859_29_46__w0031__s0.40.jpg,Leaf_Blight,0.9772260189056396,Curl_Leaf,0.624613,Curl_Leaf;Deficiency_Leaf;Leaf_Blight,62,384x384,false
10,crop_10.jpg,archived_results/real_scene_23_sliding_window/crops/微信图片_20260823222900_30_46__w0005__s0.40.jpg,Leaf_Gall,0.9989056587219238,Deficiency_Leaf,0.921434,Deficiency_Leaf;Leaf_Gall;Leaf_Blight,61,512x512,false
11,crop_11.jpg,archived_results/real_scene_23_sliding_window/crops/微信图片_20260823222900_30_46__w0010__s0.40.jpg,Leaf_Gall,0.9929083585739136,Deficiency_Leaf,0.631536,Deficiency_Leaf;Leaf_Gall;Leaf_Blight,62,512x512,false
12,crop_12.jpg,archived_results/real_scene_23_sliding_window/crops/微信图片_20260823222900_30_46__w0030__s0.40.jpg,Leaf_Gall,0.9824268817901611,Curl_Leaf,0.797276,Curl_Leaf;Deficiency_Leaf;Anthrax_Leaf,62,512x512,false
13,crop_13.jpg,archived_results/real_scene_23_sliding_window/crops/微信图片_20260823222900_30_46__w0033__s0.60.jpg,Leaf_Gall,0.9810170531272888,Deficiency_Leaf,0.640737,Deficiency_Leaf;Leaf_Gall;Anthrax_Leaf,63,768x768,false
14,crop_14.jpg,archived_results/real_scene_23_sliding_window/crops/微信图片_20260823222900_30_46__w0038__s0.60.jpg,Leaf_Gall,0.9760056138038635,Deficiency_Leaf,0.648332,Deficiency_Leaf;Curl_Leaf;Leaf_Gall,63,768x768,false
15,crop_15.jpg,archived_results/real_scene_23_sliding_window/crops/微信图片_20260823222900_31_46__w0033__s0.60.jpg,Leaf_Gall,0.9985824823379517,Deficiency_Leaf,0.422729,Deficiency_Leaf;Leaf_Gall;Fungal_Leaf_Spot,63,768x768,false
16,crop_16.jpg,archived_results/real_scene_23_sliding_window/crops/微信图片_20260823222900_31_46__w0028__s0.40.jpg,Leaf_Gall,0.9924148917198181,Deficiency_Leaf,0.433444,Deficiency_Leaf;Curl_Leaf;Leaf_Gall,61,512x512,false
17,crop_17.jpg,archived_results/real_scene_23_sliding_window/crops/微信图片_20260823222900_31_46__w0041__s0.60.jpg,Leaf_Gall,0.9920772910118103,Curl_Leaf,0.582768,Curl_Leaf;Deficiency_Leaf;Anthrax_Leaf,63,768x768,false
18,crop_18.jpg,archived_results/real_scene_23_sliding_window/crops/微信图片_20260823222900_31_46__w0007__s0.40.jpg,Leaf_Gall,0.9721800088882446,Curl_Leaf,0.557498,Curl_Leaf;Deficiency_Leaf;Leaf_Blight,62,512x512,false
19,crop_19.jpg,archived_results/real_scene_23_sliding_window/crops/微信图片_20260823222900_31_46__w0000__s0.40.jpg,Leaf_Gall,0.9717379808425903,Deficiency_Leaf,0.798374,Deficiency_Leaf;Leaf_Gall;Curl_Leaf,62,512x512,false
