variant,model_name,model_sha256,index,board_name,pc_label,k230_label,k230_confidence,k230_top3,latency_ms,top1_match
noclip_w16_a8,mobilenetv3_fractal_seed43_noclip_w16_a8.kmodel,D873F64718D3F48D2D9918DCF91C6D817217CECF8C5EBCE1D0063CC0E8B48A98,0,crop_00.jpg,Leaf_Gall,Deficiency_Leaf,0.426861,Deficiency_Leaf;Leaf_Gall;Curl_Leaf,64,false
noclip_w16_a8,mobilenetv3_fractal_seed43_noclip_w16_a8.kmodel,D873F64718D3F48D2D9918DCF91C6D817217CECF8C5EBCE1D0063CC0E8B48A98,1,crop_01.jpg,Leaf_Gall,Leaf_Gall,0.472215,Leaf_Gall;Deficiency_Leaf;Healthy_Leaf,64,true
noclip_w16_a8,mobilenetv3_fractal_seed43_noclip_w16_a8.kmodel,D873F64718D3F48D2D9918DCF91C6D817217CECF8C5EBCE1D0063CC0E8B48A98,2,crop_02.jpg,Leaf_Gall,Curl_Leaf,0.646038,Curl_Leaf;Deficiency_Leaf;Leaf_Blight,65,false
noclip_w16_a8,mobilenetv3_fractal_seed43_noclip_w16_a8.kmodel,D873F64718D3F48D2D9918DCF91C6D817217CECF8C5EBCE1D0063CC0E8B48A98,3,crop_03.jpg,Leaf_Gall,Deficiency_Leaf,0.456863,Deficiency_Leaf;Anthrax_Leaf;Curl_Leaf,64,false
noclip_w16_a8,mobilenetv3_fractal_seed43_noclip_w16_a8.kmodel,D873F64718D3F48D2D9918DCF91C6D817217CECF8C5EBCE1D0063CC0E8B48A98,4,crop_04.jpg,Leaf_Gall,Curl_Leaf,0.78465,Curl_Leaf;Deficiency_Leaf;Anthrax_Leaf,64,false
noclip_w16_a8,mobilenetv3_fractal_seed43_noclip_w16_a8.kmodel,D873F64718D3F48D2D9918DCF91C6D817217CECF8C5EBCE1D0063CC0E8B48A98,5,crop_05.jpg,Leaf_Gall,Deficiency_Leaf,0.492071,Deficiency_Leaf;Curl_Leaf;Healthy_Leaf,64,false
noclip_w16_a8,mobilenetv3_fractal_seed43_noclip_w16_a8.kmodel,D873F64718D3F48D2D9918DCF91C6D817217CECF8C5EBCE1D0063CC0E8B48A98,6,crop_06.jpg,Leaf_Gall,Deficiency_Leaf,0.293648,Deficiency_Leaf;Curl_Leaf;Leaf_Blight,63,false
noclip_w16_a8,mobilenetv3_fractal_seed43_noclip_w16_a8.kmodel,D873F64718D3F48D2D9918DCF91C6D817217CECF8C5EBCE1D0063CC0E8B48A98,7,crop_07.jpg,Leaf_Gall,Deficiency_Leaf,0.720427,Deficiency_Leaf;Curl_Leaf;Leaf_Gall,63,false
noclip_w16_a8,mobilenetv3_fractal_seed43_noclip_w16_a8.kmodel,D873F64718D3F48D2D9918DCF91C6D817217CECF8C5EBCE1D0063CC0E8B48A98,8,crop_08.jpg,Leaf_Gall,Curl_Leaf,0.196134,Curl_Leaf;Fungal_Leaf_Spot;Leaf_Blight,62,false
noclip_w16_a8,mobilenetv3_fractal_seed43_noclip_w16_a8.kmodel,D873F64718D3F48D2D9918DCF91C6D817217CECF8C5EBCE1D0063CC0E8B48A98,9,crop_09.jpg,Leaf_Blight,Curl_Leaf,0.554902,Curl_Leaf;Leaf_Blight;Healthy_Leaf,63,false
noclip_w16_a8,mobilenetv3_fractal_seed43_noclip_w16_a8.kmodel,D873F64718D3F48D2D9918DCF91C6D817217CECF8C5EBCE1D0063CC0E8B48A98,10,crop_10.jpg,Leaf_Gall,Deficiency_Leaf,0.857423,Deficiency_Leaf;Leaf_Gall;Healthy_Leaf,63,false
noclip_w16_a8,mobilenetv3_fractal_seed43_noclip_w16_a8.kmodel,D873F64718D3F48D2D9918DCF91C6D817217CECF8C5EBCE1D0063CC0E8B48A98,11,crop_11.jpg,Leaf_Gall,Deficiency_Leaf,0.568339,Deficiency_Leaf;Leaf_Gall;Leaf_Blight,64,false
noclip_w16_a8,mobilenetv3_fractal_seed43_noclip_w16_a8.kmodel,D873F64718D3F48D2D9918DCF91C6D817217CECF8C5EBCE1D0063CC0E8B48A98,12,crop_12.jpg,Leaf_Gall,Curl_Leaf,0.585986,Curl_Leaf;Deficiency_Leaf;Leaf_Gall,64,false
noclip_w16_a8,mobilenetv3_fractal_seed43_noclip_w16_a8.kmodel,D873F64718D3F48D2D9918DCF91C6D817217CECF8C5EBCE1D0063CC0E8B48A98,13,crop_13.jpg,Leaf_Gall,Deficiency_Leaf,0.834562,Deficiency_Leaf;Leaf_Gall;Anthrax_Leaf,65,false
noclip_w16_a8,mobilenetv3_fractal_seed43_noclip_w16_a8.kmodel,D873F64718D3F48D2D9918DCF91C6D817217CECF8C5EBCE1D0063CC0E8B48A98,14,crop_14.jpg,Leaf_Gall,Deficiency_Leaf,0.532533,Deficiency_Leaf;Curl_Leaf;Anthrax_Leaf,65,false
noclip_w16_a8,mobilenetv3_fractal_seed43_noclip_w16_a8.kmodel,D873F64718D3F48D2D9918DCF91C6D817217CECF8C5EBCE1D0063CC0E8B48A98,15,crop_15.jpg,Leaf_Gall,Deficiency_Leaf,0.661553,Deficiency_Leaf;Leaf_Gall;Fungal_Leaf_Spot,66,false
noclip_w16_a8,mobilenetv3_fractal_seed43_noclip_w16_a8.kmodel,D873F64718D3F48D2D9918DCF91C6D817217CECF8C5EBCE1D0063CC0E8B48A98,16,crop_16.jpg,Leaf_Gall,Curl_Leaf,0.430721,Curl_Leaf;Deficiency_Leaf;Leaf_Gall,63,false
noclip_w16_a8,mobilenetv3_fractal_seed43_noclip_w16_a8.kmodel,D873F64718D3F48D2D9918DCF91C6D817217CECF8C5EBCE1D0063CC0E8B48A98,17,crop_17.jpg,Leaf_Gall,Deficiency_Leaf,0.710498,Deficiency_Leaf;Curl_Leaf;Leaf_Gall,65,false
noclip_w16_a8,mobilenetv3_fractal_seed43_noclip_w16_a8.kmodel,D873F64718D3F48D2D9918DCF91C6D817217CECF8C5EBCE1D0063CC0E8B48A98,18,crop_18.jpg,Leaf_Gall,Curl_Leaf,0.802086,Curl_Leaf;Leaf_Blight;Deficiency_Leaf,64,false
noclip_w16_a8,mobilenetv3_fractal_seed43_noclip_w16_a8.kmodel,D873F64718D3F48D2D9918DCF91C6D817217CECF8C5EBCE1D0063CC0E8B48A98,19,crop_19.jpg,Leaf_Gall,Deficiency_Leaf,0.748463,Deficiency_Leaf;Leaf_Gall;Curl_Leaf,64,false
noclip_w8_a16,mobilenetv3_fractal_seed43_noclip_w8_a16.kmodel,9B3757129510D56468ECA503BF18A04BC96E699976ECE2A35D78949DEA995E42,0,crop_00.jpg,Leaf_Gall,Leaf_Gall,0.988665,Leaf_Gall;Leaf_Blight;Deficiency_Leaf,64,true
noclip_w8_a16,mobilenetv3_fractal_seed43_noclip_w8_a16.kmodel,9B3757129510D56468ECA503BF18A04BC96E699976ECE2A35D78949DEA995E42,1,crop_01.jpg,Leaf_Gall,Leaf_Gall,0.995673,Leaf_Gall;Leaf_Blight;Deficiency_Leaf,64,true
noclip_w8_a16,mobilenetv3_fractal_seed43_noclip_w8_a16.kmodel,9B3757129510D56468ECA503BF18A04BC96E699976ECE2A35D78949DEA995E42,2,crop_02.jpg,Leaf_Gall,Leaf_Gall,0.989298,Leaf_Gall;Leaf_Blight;Healthy_Leaf,64,true
noclip_w8_a16,mobilenetv3_fractal_seed43_noclip_w8_a16.kmodel,9B3757129510D56468ECA503BF18A04BC96E699976ECE2A35D78949DEA995E42,3,crop_03.jpg,Leaf_Gall,Leaf_Gall,0.998648,Leaf_Gall;Leaf_Blight;Deficiency_Leaf,63,true
noclip_w8_a16,mobilenetv3_fractal_seed43_noclip_w8_a16.kmodel,9B3757129510D56468ECA503BF18A04BC96E699976ECE2A35D78949DEA995E42,4,crop_04.jpg,Leaf_Gall,Leaf_Gall,0.994749,Leaf_Gall;Leaf_Blight;Healthy_Leaf,63,true
noclip_w8_a16,mobilenetv3_fractal_seed43_noclip_w8_a16.kmodel,9B3757129510D56468ECA503BF18A04BC96E699976ECE2A35D78949DEA995E42,5,crop_05.jpg,Leaf_Gall,Leaf_Gall,0.988539,Leaf_Gall;Leaf_Blight;Felt_Leaf,63,true
noclip_w8_a16,mobilenetv3_fractal_seed43_noclip_w8_a16.kmodel,9B3757129510D56468ECA503BF18A04BC96E699976ECE2A35D78949DEA995E42,6,crop_06.jpg,Leaf_Gall,Leaf_Gall,0.983607,Leaf_Gall;Leaf_Blight;Deficiency_Leaf,64,true
noclip_w8_a16,mobilenetv3_fractal_seed43_noclip_w8_a16.kmodel,9B3757129510D56468ECA503BF18A04BC96E699976ECE2A35D78949DEA995E42,7,crop_07.jpg,Leaf_Gall,Curl_Leaf,0.848911,Curl_Leaf;Leaf_Blight;Leaf_Gall,63,false
noclip_w8_a16,mobilenetv3_fractal_seed43_noclip_w8_a16.kmodel,9B3757129510D56468ECA503BF18A04BC96E699976ECE2A35D78949DEA995E42,8,crop_08.jpg,Leaf_Gall,Leaf_Gall,0.922264,Leaf_Gall;Leaf_Blight;Healthy_Leaf,63,true
noclip_w8_a16,mobilenetv3_fractal_seed43_noclip_w8_a16.kmodel,9B3757129510D56468ECA503BF18A04BC96E699976ECE2A35D78949DEA995E42,9,crop_09.jpg,Leaf_Blight,Leaf_Blight,0.651013,Leaf_Blight;Leaf_Gall;Healthy_Leaf,63,true
noclip_w8_a16,mobilenetv3_fractal_seed43_noclip_w8_a16.kmodel,9B3757129510D56468ECA503BF18A04BC96E699976ECE2A35D78949DEA995E42,10,crop_10.jpg,Leaf_Gall,Leaf_Gall,0.989102,Leaf_Gall;Leaf_Blight;Felt_Leaf,63,true
noclip_w8_a16,mobilenetv3_fractal_seed43_noclip_w8_a16.kmodel,9B3757129510D56468ECA503BF18A04BC96E699976ECE2A35D78949DEA995E42,11,crop_11.jpg,Leaf_Gall,Leaf_Gall,0.990649,Leaf_Gall;Leaf_Blight;Deficiency_Leaf,63,true
noclip_w8_a16,mobilenetv3_fractal_seed43_noclip_w8_a16.kmodel,9B3757129510D56468ECA503BF18A04BC96E699976ECE2A35D78949DEA995E42,12,crop_12.jpg,Leaf_Gall,Leaf_Gall,0.850909,Leaf_Gall;Leaf_Blight;Deficiency_Leaf,64,true
noclip_w8_a16,mobilenetv3_fractal_seed43_noclip_w8_a16.kmodel,9B3757129510D56468ECA503BF18A04BC96E699976ECE2A35D78949DEA995E42,13,crop_13.jpg,Leaf_Gall,Leaf_Gall,0.934319,Leaf_Gall;Leaf_Blight;Felt_Leaf,64,true
noclip_w8_a16,mobilenetv3_fractal_seed43_noclip_w8_a16.kmodel,9B3757129510D56468ECA503BF18A04BC96E699976ECE2A35D78949DEA995E42,14,crop_14.jpg,Leaf_Gall,Leaf_Gall,0.752483,Leaf_Gall;Deficiency_Leaf;Leaf_Blight,64,true
noclip_w8_a16,mobilenetv3_fractal_seed43_noclip_w8_a16.kmodel,9B3757129510D56468ECA503BF18A04BC96E699976ECE2A35D78949DEA995E42,15,crop_15.jpg,Leaf_Gall,Leaf_Gall,0.997805,Leaf_Gall;Leaf_Blight;Deficiency_Leaf,64,true
noclip_w8_a16,mobilenetv3_fractal_seed43_noclip_w8_a16.kmodel,9B3757129510D56468ECA503BF18A04BC96E699976ECE2A35D78949DEA995E42,16,crop_16.jpg,Leaf_Gall,Leaf_Gall,0.99918,Leaf_Gall;Leaf_Blight;Deficiency_Leaf,64,true
noclip_w8_a16,mobilenetv3_fractal_seed43_noclip_w8_a16.kmodel,9B3757129510D56468ECA503BF18A04BC96E699976ECE2A35D78949DEA995E42,17,crop_17.jpg,Leaf_Gall,Leaf_Gall,0.994431,Leaf_Gall;Leaf_Blight;Deficiency_Leaf,64,true
noclip_w8_a16,mobilenetv3_fractal_seed43_noclip_w8_a16.kmodel,9B3757129510D56468ECA503BF18A04BC96E699976ECE2A35D78949DEA995E42,18,crop_18.jpg,Leaf_Gall,Leaf_Gall,0.990871,Leaf_Gall;Leaf_Blight;Deficiency_Leaf,63,true
noclip_w8_a16,mobilenetv3_fractal_seed43_noclip_w8_a16.kmodel,9B3757129510D56468ECA503BF18A04BC96E699976ECE2A35D78949DEA995E42,19,crop_19.jpg,Leaf_Gall,Leaf_Gall,0.987091,Leaf_Gall;Leaf_Blight;Deficiency_Leaf,63,true
kld_w8_a8,mobilenetv3_fractal_seed43_kld_w8_a8.kmodel,92A7D19FABAF8D696C3518C450212047401D2D2E2ABF2043AFA26EA506286772,0,crop_00.jpg,Leaf_Gall,Leaf_Blight,0.400024,Leaf_Blight;Leaf_Gall;Deficiency_Leaf,63,false
kld_w8_a8,mobilenetv3_fractal_seed43_kld_w8_a8.kmodel,92A7D19FABAF8D696C3518C450212047401D2D2E2ABF2043AFA26EA506286772,1,crop_01.jpg,Leaf_Gall,Curl_Leaf,0.376732,Curl_Leaf;Leaf_Gall;Healthy_Leaf,63,false
kld_w8_a8,mobilenetv3_fractal_seed43_kld_w8_a8.kmodel,92A7D19FABAF8D696C3518C450212047401D2D2E2ABF2043AFA26EA506286772,2,crop_02.jpg,Leaf_Gall,Curl_Leaf,0.527662,Curl_Leaf;Deficiency_Leaf;Leaf_Gall,63,false
kld_w8_a8,mobilenetv3_fractal_seed43_kld_w8_a8.kmodel,92A7D19FABAF8D696C3518C450212047401D2D2E2ABF2043AFA26EA506286772,3,crop_03.jpg,Leaf_Gall,Curl_Leaf,0.56322,Curl_Leaf;Leaf_Gall;Leaf_Blight,62,false
kld_w8_a8,mobilenetv3_fractal_seed43_kld_w8_a8.kmodel,92A7D19FABAF8D696C3518C450212047401D2D2E2ABF2043AFA26EA506286772,4,crop_04.jpg,Leaf_Gall,Curl_Leaf,0.867397,Curl_Leaf;Deficiency_Leaf;Leaf_Blight,62,false
kld_w8_a8,mobilenetv3_fractal_seed43_kld_w8_a8.kmodel,92A7D19FABAF8D696C3518C450212047401D2D2E2ABF2043AFA26EA506286772,5,crop_05.jpg,Leaf_Gall,Curl_Leaf,0.829152,Curl_Leaf;Healthy_Leaf;Leaf_Blight,65,false
kld_w8_a8,mobilenetv3_fractal_seed43_kld_w8_a8.kmodel,92A7D19FABAF8D696C3518C450212047401D2D2E2ABF2043AFA26EA506286772,6,crop_06.jpg,Leaf_Gall,Curl_Leaf,0.725979,Curl_Leaf;Leaf_Blight;Healthy_Leaf,61,false
kld_w8_a8,mobilenetv3_fractal_seed43_kld_w8_a8.kmodel,92A7D19FABAF8D696C3518C450212047401D2D2E2ABF2043AFA26EA506286772,7,crop_07.jpg,Leaf_Gall,Leaf_Gall,0.458008,Leaf_Gall;Leaf_Blight;Healthy_Leaf,61,true
kld_w8_a8,mobilenetv3_fractal_seed43_kld_w8_a8.kmodel,92A7D19FABAF8D696C3518C450212047401D2D2E2ABF2043AFA26EA506286772,8,crop_08.jpg,Leaf_Gall,Curl_Leaf,0.904993,Curl_Leaf;Deficiency_Leaf;Leaf_Blight,62,false
kld_w8_a8,mobilenetv3_fractal_seed43_kld_w8_a8.kmodel,92A7D19FABAF8D696C3518C450212047401D2D2E2ABF2043AFA26EA506286772,9,crop_09.jpg,Leaf_Blight,Curl_Leaf,0.886987,Curl_Leaf;Deficiency_Leaf;Leaf_Blight,61,false
kld_w8_a8,mobilenetv3_fractal_seed43_kld_w8_a8.kmodel,92A7D19FABAF8D696C3518C450212047401D2D2E2ABF2043AFA26EA506286772,10,crop_10.jpg,Leaf_Gall,Healthy_Leaf,0.359523,Healthy_Leaf;Curl_Leaf;Leaf_Blight,63,false
kld_w8_a8,mobilenetv3_fractal_seed43_kld_w8_a8.kmodel,92A7D19FABAF8D696C3518C450212047401D2D2E2ABF2043AFA26EA506286772,11,crop_11.jpg,Leaf_Gall,Curl_Leaf,0.292693,Curl_Leaf;Deficiency_Leaf;Leaf_Gall,62,false
kld_w8_a8,mobilenetv3_fractal_seed43_kld_w8_a8.kmodel,92A7D19FABAF8D696C3518C450212047401D2D2E2ABF2043AFA26EA506286772,12,crop_12.jpg,Leaf_Gall,Leaf_Gall,0.717604,Leaf_Gall;Deficiency_Leaf;Leaf_Blight,62,true
kld_w8_a8,mobilenetv3_fractal_seed43_kld_w8_a8.kmodel,92A7D19FABAF8D696C3518C450212047401D2D2E2ABF2043AFA26EA506286772,13,crop_13.jpg,Leaf_Gall,Curl_Leaf,0.584151,Curl_Leaf;Deficiency_Leaf;Leaf_Blight,62,false
kld_w8_a8,mobilenetv3_fractal_seed43_kld_w8_a8.kmodel,92A7D19FABAF8D696C3518C450212047401D2D2E2ABF2043AFA26EA506286772,14,crop_14.jpg,Leaf_Gall,Leaf_Gall,0.908821,Leaf_Gall;Deficiency_Leaf;Leaf_Blight,63,true
kld_w8_a8,mobilenetv3_fractal_seed43_kld_w8_a8.kmodel,92A7D19FABAF8D696C3518C450212047401D2D2E2ABF2043AFA26EA506286772,15,crop_15.jpg,Leaf_Gall,Leaf_Gall,0.627559,Leaf_Gall;Leaf_Blight;Anthrax_Leaf,63,true
kld_w8_a8,mobilenetv3_fractal_seed43_kld_w8_a8.kmodel,92A7D19FABAF8D696C3518C450212047401D2D2E2ABF2043AFA26EA506286772,16,crop_16.jpg,Leaf_Gall,Leaf_Gall,0.766024,Leaf_Gall;Deficiency_Leaf;Leaf_Blight,62,true
kld_w8_a8,mobilenetv3_fractal_seed43_kld_w8_a8.kmodel,92A7D19FABAF8D696C3518C450212047401D2D2E2ABF2043AFA26EA506286772,17,crop_17.jpg,Leaf_Gall,Curl_Leaf,0.824361,Curl_Leaf;Deficiency_Leaf;Anthrax_Leaf,63,false
kld_w8_a8,mobilenetv3_fractal_seed43_kld_w8_a8.kmodel,92A7D19FABAF8D696C3518C450212047401D2D2E2ABF2043AFA26EA506286772,18,crop_18.jpg,Leaf_Gall,Leaf_Gall,0.631492,Leaf_Gall;Leaf_Blight;Anthrax_Leaf,62,true
kld_w8_a8,mobilenetv3_fractal_seed43_kld_w8_a8.kmodel,92A7D19FABAF8D696C3518C450212047401D2D2E2ABF2043AFA26EA506286772,19,crop_19.jpg,Leaf_Gall,Leaf_Gall,0.873967,Leaf_Gall;Leaf_Blight;Healthy_Leaf,62,true
kld_w16_a8,mobilenetv3_fractal_seed43_kld_w16_a8.kmodel,877FC3499B81609BBCCC48A7F5203FB8EB87B8F65F56D36A014AA11DEA43EED1,0,crop_00.jpg,Leaf_Gall,Leaf_Gall,0.48968,Leaf_Gall;Leaf_Blight;Deficiency_Leaf,64,true
kld_w16_a8,mobilenetv3_fractal_seed43_kld_w16_a8.kmodel,877FC3499B81609BBCCC48A7F5203FB8EB87B8F65F56D36A014AA11DEA43EED1,1,crop_01.jpg,Leaf_Gall,Leaf_Gall,0.692803,Leaf_Gall;Leaf_Blight;Deficiency_Leaf,65,true
kld_w16_a8,mobilenetv3_fractal_seed43_kld_w16_a8.kmodel,877FC3499B81609BBCCC48A7F5203FB8EB87B8F65F56D36A014AA11DEA43EED1,2,crop_02.jpg,Leaf_Gall,Leaf_Gall,0.367892,Leaf_Gall;Curl_Leaf;Leaf_Blight,64,true
kld_w16_a8,mobilenetv3_fractal_seed43_kld_w16_a8.kmodel,877FC3499B81609BBCCC48A7F5203FB8EB87B8F65F56D36A014AA11DEA43EED1,3,crop_03.jpg,Leaf_Gall,Leaf_Gall,0.378168,Leaf_Gall;Curl_Leaf;Leaf_Blight,63,true
kld_w16_a8,mobilenetv3_fractal_seed43_kld_w16_a8.kmodel,877FC3499B81609BBCCC48A7F5203FB8EB87B8F65F56D36A014AA11DEA43EED1,4,crop_04.jpg,Leaf_Gall,Curl_Leaf,0.417824,Curl_Leaf;Deficiency_Leaf;Leaf_Gall,63,false
kld_w16_a8,mobilenetv3_fractal_seed43_kld_w16_a8.kmodel,877FC3499B81609BBCCC48A7F5203FB8EB87B8F65F56D36A014AA11DEA43EED1,5,crop_05.jpg,Leaf_Gall,Curl_Leaf,0.6927,Curl_Leaf;Healthy_Leaf;Leaf_Blight,64,false
kld_w16_a8,mobilenetv3_fractal_seed43_kld_w16_a8.kmodel,877FC3499B81609BBCCC48A7F5203FB8EB87B8F65F56D36A014AA11DEA43EED1,6,crop_06.jpg,Leaf_Gall,Curl_Leaf,0.501196,Curl_Leaf;Leaf_Gall;Leaf_Blight,63,false
kld_w16_a8,mobilenetv3_fractal_seed43_kld_w16_a8.kmodel,877FC3499B81609BBCCC48A7F5203FB8EB87B8F65F56D36A014AA11DEA43EED1,7,crop_07.jpg,Leaf_Gall,Leaf_Gall,0.458631,Leaf_Gall;Leaf_Blight;Curl_Leaf,63,true
kld_w16_a8,mobilenetv3_fractal_seed43_kld_w16_a8.kmodel,877FC3499B81609BBCCC48A7F5203FB8EB87B8F65F56D36A014AA11DEA43EED1,8,crop_08.jpg,Leaf_Gall,Curl_Leaf,0.559354,Curl_Leaf;Healthy_Leaf;Leaf_Blight,63,false
kld_w16_a8,mobilenetv3_fractal_seed43_kld_w16_a8.kmodel,877FC3499B81609BBCCC48A7F5203FB8EB87B8F65F56D36A014AA11DEA43EED1,9,crop_09.jpg,Leaf_Blight,Curl_Leaf,0.779296,Curl_Leaf;Deficiency_Leaf;Leaf_Blight,63,false
kld_w16_a8,mobilenetv3_fractal_seed43_kld_w16_a8.kmodel,877FC3499B81609BBCCC48A7F5203FB8EB87B8F65F56D36A014AA11DEA43EED1,10,crop_10.jpg,Leaf_Gall,Leaf_Gall,0.687574,Leaf_Gall;Healthy_Leaf;Leaf_Blight,64,true
kld_w16_a8,mobilenetv3_fractal_seed43_kld_w16_a8.kmodel,877FC3499B81609BBCCC48A7F5203FB8EB87B8F65F56D36A014AA11DEA43EED1,11,crop_11.jpg,Leaf_Gall,Leaf_Gall,0.680008,Leaf_Gall;Deficiency_Leaf;Leaf_Blight,63,true
kld_w16_a8,mobilenetv3_fractal_seed43_kld_w16_a8.kmodel,877FC3499B81609BBCCC48A7F5203FB8EB87B8F65F56D36A014AA11DEA43EED1,12,crop_12.jpg,Leaf_Gall,Leaf_Gall,0.626889,Leaf_Gall;Deficiency_Leaf;Leaf_Blight,64,true
kld_w16_a8,mobilenetv3_fractal_seed43_kld_w16_a8.kmodel,877FC3499B81609BBCCC48A7F5203FB8EB87B8F65F56D36A014AA11DEA43EED1,13,crop_13.jpg,Leaf_Gall,Leaf_Gall,0.49071,Leaf_Gall;Deficiency_Leaf;Curl_Leaf,64,true
kld_w16_a8,mobilenetv3_fractal_seed43_kld_w16_a8.kmodel,877FC3499B81609BBCCC48A7F5203FB8EB87B8F65F56D36A014AA11DEA43EED1,14,crop_14.jpg,Leaf_Gall,Leaf_Gall,0.983744,Leaf_Gall;Leaf_Blight;Deficiency_Leaf,64,true
kld_w16_a8,mobilenetv3_fractal_seed43_kld_w16_a8.kmodel,877FC3499B81609BBCCC48A7F5203FB8EB87B8F65F56D36A014AA11DEA43EED1,15,crop_15.jpg,Leaf_Gall,Leaf_Gall,0.807064,Leaf_Gall;Leaf_Blight;Anthrax_Leaf,65,true
kld_w16_a8,mobilenetv3_fractal_seed43_kld_w16_a8.kmodel,877FC3499B81609BBCCC48A7F5203FB8EB87B8F65F56D36A014AA11DEA43EED1,16,crop_16.jpg,Leaf_Gall,Leaf_Gall,0.952389,Leaf_Gall;Deficiency_Leaf;Leaf_Blight,63,true
kld_w16_a8,mobilenetv3_fractal_seed43_kld_w16_a8.kmodel,877FC3499B81609BBCCC48A7F5203FB8EB87B8F65F56D36A014AA11DEA43EED1,17,crop_17.jpg,Leaf_Gall,Curl_Leaf,0.676852,Curl_Leaf;Deficiency_Leaf;Leaf_Gall,64,false
kld_w16_a8,mobilenetv3_fractal_seed43_kld_w16_a8.kmodel,877FC3499B81609BBCCC48A7F5203FB8EB87B8F65F56D36A014AA11DEA43EED1,18,crop_18.jpg,Leaf_Gall,Leaf_Gall,0.631652,Leaf_Gall;Leaf_Blight;Healthy_Leaf,63,true
kld_w16_a8,mobilenetv3_fractal_seed43_kld_w16_a8.kmodel,877FC3499B81609BBCCC48A7F5203FB8EB87B8F65F56D36A014AA11DEA43EED1,19,crop_19.jpg,Leaf_Gall,Leaf_Gall,0.908011,Leaf_Gall;Leaf_Blight;Deficiency_Leaf,63,true
kld_w8_a16,mobilenetv3_fractal_seed43_kld_w8_a16.kmodel,E63F3F5BDC3E18A7368ED296AA0188A56DBD9E87477617C0E48C9823B2CBE37A,0,crop_00.jpg,Leaf_Gall,Leaf_Gall,0.998096,Leaf_Gall;Leaf_Blight;Felt_Leaf,65,true
kld_w8_a16,mobilenetv3_fractal_seed43_kld_w8_a16.kmodel,E63F3F5BDC3E18A7368ED296AA0188A56DBD9E87477617C0E48C9823B2CBE37A,1,crop_01.jpg,Leaf_Gall,Leaf_Gall,0.99192,Leaf_Gall;Leaf_Blight;Deficiency_Leaf,64,true
kld_w8_a16,mobilenetv3_fractal_seed43_kld_w8_a16.kmodel,E63F3F5BDC3E18A7368ED296AA0188A56DBD9E87477617C0E48C9823B2CBE37A,2,crop_02.jpg,Leaf_Gall,Leaf_Gall,0.989957,Leaf_Gall;Leaf_Blight;Deficiency_Leaf,65,true
kld_w8_a16,mobilenetv3_fractal_seed43_kld_w8_a16.kmodel,E63F3F5BDC3E18A7368ED296AA0188A56DBD9E87477617C0E48C9823B2CBE37A,3,crop_03.jpg,Leaf_Gall,Leaf_Gall,0.958409,Leaf_Gall;Leaf_Blight;Deficiency_Leaf,64,true
kld_w8_a16,mobilenetv3_fractal_seed43_kld_w8_a16.kmodel,E63F3F5BDC3E18A7368ED296AA0188A56DBD9E87477617C0E48C9823B2CBE37A,4,crop_04.jpg,Leaf_Gall,Leaf_Gall,0.97516,Leaf_Gall;Leaf_Blight;Healthy_Leaf,63,true
kld_w8_a16,mobilenetv3_fractal_seed43_kld_w8_a16.kmodel,E63F3F5BDC3E18A7368ED296AA0188A56DBD9E87477617C0E48C9823B2CBE37A,5,crop_05.jpg,Leaf_Gall,Leaf_Gall,0.97734,Leaf_Gall;Leaf_Blight;Felt_Leaf,63,true
kld_w8_a16,mobilenetv3_fractal_seed43_kld_w8_a16.kmodel,E63F3F5BDC3E18A7368ED296AA0188A56DBD9E87477617C0E48C9823B2CBE37A,6,crop_06.jpg,Leaf_Gall,Leaf_Gall,0.979264,Leaf_Gall;Leaf_Blight;Felt_Leaf,63,true
kld_w8_a16,mobilenetv3_fractal_seed43_kld_w8_a16.kmodel,E63F3F5BDC3E18A7368ED296AA0188A56DBD9E87477617C0E48C9823B2CBE37A,7,crop_07.jpg,Leaf_Gall,Leaf_Gall,0.972939,Leaf_Gall;Leaf_Blight;Felt_Leaf,63,true
kld_w8_a16,mobilenetv3_fractal_seed43_kld_w8_a16.kmodel,E63F3F5BDC3E18A7368ED296AA0188A56DBD9E87477617C0E48C9823B2CBE37A,8,crop_08.jpg,Leaf_Gall,Leaf_Gall,0.929479,Leaf_Gall;Felt_Leaf;Leaf_Blight,63,true
kld_w8_a16,mobilenetv3_fractal_seed43_kld_w8_a16.kmodel,E63F3F5BDC3E18A7368ED296AA0188A56DBD9E87477617C0E48C9823B2CBE37A,9,crop_09.jpg,Leaf_Blight,Leaf_Gall,0.63049,Leaf_Gall;Leaf_Blight;Deficiency_Leaf,63,false
kld_w8_a16,mobilenetv3_fractal_seed43_kld_w8_a16.kmodel,E63F3F5BDC3E18A7368ED296AA0188A56DBD9E87477617C0E48C9823B2CBE37A,10,crop_10.jpg,Leaf_Gall,Leaf_Gall,0.9939,Leaf_Gall;Leaf_Blight;Felt_Leaf,65,true
kld_w8_a16,mobilenetv3_fractal_seed43_kld_w8_a16.kmodel,E63F3F5BDC3E18A7368ED296AA0188A56DBD9E87477617C0E48C9823B2CBE37A,11,crop_11.jpg,Leaf_Gall,Leaf_Gall,0.989072,Leaf_Gall;Leaf_Blight;Deficiency_Leaf,63,true
kld_w8_a16,mobilenetv3_fractal_seed43_kld_w8_a16.kmodel,E63F3F5BDC3E18A7368ED296AA0188A56DBD9E87477617C0E48C9823B2CBE37A,12,crop_12.jpg,Leaf_Gall,Bituminous_Leaf,0.559019,Bituminous_Leaf;Deficiency_Leaf;Leaf_Gall,63,false
kld_w8_a16,mobilenetv3_fractal_seed43_kld_w8_a16.kmodel,E63F3F5BDC3E18A7368ED296AA0188A56DBD9E87477617C0E48C9823B2CBE37A,13,crop_13.jpg,Leaf_Gall,Leaf_Gall,0.976071,Leaf_Gall;Leaf_Blight;Felt_Leaf,65,true
kld_w8_a16,mobilenetv3_fractal_seed43_kld_w8_a16.kmodel,E63F3F5BDC3E18A7368ED296AA0188A56DBD9E87477617C0E48C9823B2CBE37A,14,crop_14.jpg,Leaf_Gall,Leaf_Gall,0.987923,Leaf_Gall;Leaf_Blight;Deficiency_Leaf,64,true
kld_w8_a16,mobilenetv3_fractal_seed43_kld_w8_a16.kmodel,E63F3F5BDC3E18A7368ED296AA0188A56DBD9E87477617C0E48C9823B2CBE37A,15,crop_15.jpg,Leaf_Gall,Leaf_Gall,0.987738,Leaf_Gall;Leaf_Blight;Deficiency_Leaf,65,true
kld_w8_a16,mobilenetv3_fractal_seed43_kld_w8_a16.kmodel,E63F3F5BDC3E18A7368ED296AA0188A56DBD9E87477617C0E48C9823B2CBE37A,16,crop_16.jpg,Leaf_Gall,Leaf_Gall,0.993807,Leaf_Gall;Leaf_Blight;Deficiency_Leaf,64,true
kld_w8_a16,mobilenetv3_fractal_seed43_kld_w8_a16.kmodel,E63F3F5BDC3E18A7368ED296AA0188A56DBD9E87477617C0E48C9823B2CBE37A,17,crop_17.jpg,Leaf_Gall,Leaf_Gall,0.957957,Leaf_Gall;Leaf_Blight;Deficiency_Leaf,64,true
kld_w8_a16,mobilenetv3_fractal_seed43_kld_w8_a16.kmodel,E63F3F5BDC3E18A7368ED296AA0188A56DBD9E87477617C0E48C9823B2CBE37A,18,crop_18.jpg,Leaf_Gall,Leaf_Gall,0.978289,Leaf_Gall;Leaf_Blight;Deficiency_Leaf,63,true
kld_w8_a16,mobilenetv3_fractal_seed43_kld_w8_a16.kmodel,E63F3F5BDC3E18A7368ED296AA0188A56DBD9E87477617C0E48C9823B2CBE37A,19,crop_19.jpg,Leaf_Gall,Leaf_Gall,0.962372,Leaf_Gall;Bituminous_Leaf;Deficiency_Leaf,63,true
