scope,variant,metric,mean,sample_std,samples
source_group,gap,accuracy,0.972309849281458,0.004741587542400544,951
source_group,gap,macro_f1,0.9675623971641082,0.0037316083717391286,951
source_group,gap_gmp,accuracy,0.9677532422011916,0.007001396549400013,951
source_group,gap_gmp,macro_f1,0.960318685702489,0.010280386959916116,951
source_group,fractal,accuracy,0.9751139151770066,0.0021889232381347833,951
source_group,fractal,macro_f1,0.9713862381553486,0.0024049820283751503,951
all_1409,gap,accuracy,0.9664064348237521,0.0033540210264390636,1409
all_1409,gap,macro_f1,0.9676528298840452,0.003755950459913667,1409
all_1409,gap_gmp,accuracy,0.9552874378992193,0.012435355193708463,1409
all_1409,gap_gmp,macro_f1,0.9571546326504644,0.012205999112642677,1409
all_1409,fractal,accuracy,0.9675893068370002,0.004035656992957642,1409
all_1409,fractal,macro_f1,0.9692809964527042,0.003993790792733321,1409
