path,bytes,sha256,archive_identity,status,evidence_path,model_constructor,seed,box_sizes,threshold,strict_checkpoint_load,calibration,accuracy_percent,mean_runtime_ms,artifact_id,parent_artifact_id,parent_mapping_status,stage,weight_dtype,activation_dtype,input_protocol,test_samples,test_correct,metric_kind,validation_status,claimed_legacy_accuracy,claim_verification_status
k230/best_cpu.kmodel,8459760,5c231c50e5b420341e5c4b88fe1b26d6e66a83942a3d8d1b201b7e09405f4136,k230,k230_config_mapping_pending,evidence/legacy/,not_verified,not_verified,not_verified,not_verified,not_applicable,not_verified,,,5c231c50e5b420341e5c4b88fe1b26d6e66a83942a3d8d1b201b7e09405f4136,,not_verified,legacy_runtime_candidate,,,,,,,preserved_not_retested,,execution_configuration_not_verified
k230/fp32_verify/mobilenetv3_fractal_seed43_fp32_control.kmodel,8465344,88a62e16324998cdee32e7c958ee597226056fd1666c1fbfb25db1561d50864d,fp32_verify,k230_config_mapping_pending,evidence/k230/,not_verified,not_verified,not_verified,not_verified,not_applicable,not_verified,,,88a62e16324998cdee32e7c958ee597226056fd1666c1fbfb25db1561d50864d,5b5adcb72bb6ede3d98ec7874e3d37f5daa831680145e4b127120f1858f5d25d,archived_conversion_record,non_PTQ_control,,,,,,diagnostic_agreement_not_test_accuracy,archived_diagnostic_only_not_board_retested,,
k230/mobilenetv3_fractal_best.kmodel,2455552,042ef1f7dcd89c8a3cc0e2c4e75a5d698136e99398042c3562f96e58ba9c91a1,k230,k230_config_mapping_pending,evidence/legacy/,not_verified,not_verified,not_verified,not_verified,not_applicable,not_verified,,,042ef1f7dcd89c8a3cc0e2c4e75a5d698136e99398042c3562f96e58ba9c91a1,,not_verified,legacy_quantized_candidate,,,,,,unverified_historical_claim,preserved_not_retested,96.95,original_claim_evaluation_record_not_located
k230/verify/mobilenetv3_fractal_seed43_op13.kmodel,2455520,f75019fa9498e8242d6d2c2eb3736552ef387565f32303d145486c2231e2be50,verify,k230_config_mapping_pending,evidence/k230/k230_quant_sweep_report.md,not_verified,not_verified,not_verified,not_verified,not_applicable,not_verified,,,f75019fa9498e8242d6d2c2eb3736552ef387565f32303d145486c2231e2be50,5b5adcb72bb6ede3d98ec7874e3d37f5daa831680145e4b127120f1858f5d25d,archived_conversion_record,diagnostic,,,,,,diagnostic_agreement_not_test_accuracy,archived_diagnostic_only_not_board_retested,,
pytorch/best_weights/fractal_only_seed_42/best_epoch_weights.pth,6245642,f1cc2d471a4ac700977fa81390ffecf9da2eefa2f52e67213ff821137f647411,fractal_only_seed_42,primary_protocol,results/primary_ablation/,mobilenetv3_fractal_only,42,"[1, 2, 4]",0.5,passed,not_verified,,,f1cc2d471a4ac700977fa81390ffecf9da2eefa2f52e67213ff821137f647411,,not_verified,offline,float32,float32,,,,,prior_strict_load_record_no_accuracy_rerun,,
pytorch/best_weights/fractal_only_seed_43/best_epoch_weights.pth,6245642,ff2a2b9ef4ef2802e181cfbe9ea5545d54aa128d5336d529f311d55817896978,fractal_only_seed_43,primary_protocol,results/primary_ablation/,mobilenetv3_fractal_only,43,"[1, 2, 4]",0.5,passed,not_verified,,,ff2a2b9ef4ef2802e181cfbe9ea5545d54aa128d5336d529f311d55817896978,,not_verified,offline,float32,float32,,,,,prior_strict_load_record_no_accuracy_rerun,,
pytorch/best_weights/fractal_only_seed_44/best_epoch_weights.pth,6245642,8518c8d8af60e0fc77937a3bfde5f898052715f24585787a38031904f1ae0c9f,fractal_only_seed_44,primary_protocol,results/primary_ablation/,mobilenetv3_fractal_only,44,"[1, 2, 4]",0.5,passed,not_verified,,,8518c8d8af60e0fc77937a3bfde5f898052715f24585787a38031904f1ae0c9f,,not_verified,offline,float32,float32,,,,,prior_strict_load_record_no_accuracy_rerun,,
pytorch/best_weights/fractal_seed_42/best_epoch_weights.pth,8605002,f39174440d213567433814b8905537e5dbb91db295c9461a2be212669c22b5fd,fractal_seed_42,primary_protocol,evidence/core/seed_42/metrics.json,mobilenetv3_fractal,42,"[1, 2, 4]",0.5,passed,,99.00398406374502,,f39174440d213567433814b8905537e5dbb91db295c9461a2be212669c22b5fd,,not_applicable,PC_FP32,float32,float32,original_images_seed_42,3012,2982,full_test_accuracy,archived_predictions_and_checkpoint_hash_checked,,
pytorch/best_weights/fractal_seed_43/best_epoch_weights.pth,8605002,5b5adcb72bb6ede3d98ec7874e3d37f5daa831680145e4b127120f1858f5d25d,fractal_seed_43,primary_protocol,evidence/core/seed_43/metrics.json,mobilenetv3_fractal,43,"[1, 2, 4]",0.5,passed,,98.87118193891102,,5b5adcb72bb6ede3d98ec7874e3d37f5daa831680145e4b127120f1858f5d25d,,not_applicable,PC_FP32,float32,float32,original_images_seed_43,3012,2978,full_test_accuracy,archived_predictions_and_checkpoint_hash_checked,,
pytorch/best_weights/fractal_seed_44/best_epoch_weights.pth,8605002,18c3397f5a3b703fef2e1d5518474cdb7a183ef21c3b5bd5c3777c94467b7de4,fractal_seed_44,primary_protocol,evidence/core/seed_44/metrics.json,mobilenetv3_fractal,44,"[1, 2, 4]",0.5,passed,,98.10756972111554,,18c3397f5a3b703fef2e1d5518474cdb7a183ef21c3b5bd5c3777c94467b7de4,,not_applicable,PC_FP32,float32,float32,original_images_seed_44,3012,2955,full_test_accuracy,archived_predictions_and_checkpoint_hash_checked,,
pytorch/best_weights/gap_gmp_seed_42/best_epoch_weights.pth,8605002,46da28ab365093c7a46f524c5a982310f247ca104b4642c88959e8ca299f8605,gap_gmp_seed_42,primary_protocol,results/primary_ablation/,mobilenetv3_gap_gmp,42,"[1, 2, 4]",0.5,passed,not_verified,,,46da28ab365093c7a46f524c5a982310f247ca104b4642c88959e8ca299f8605,,not_verified,offline,float32,float32,,,,,prior_strict_load_record_no_accuracy_rerun,,
pytorch/best_weights/gap_gmp_seed_43/best_epoch_weights.pth,8605002,79e91008a814b0fdf4ba764ad12f90778d06e108c3bce021d10e9c9d525df646,gap_gmp_seed_43,primary_protocol,results/primary_ablation/,mobilenetv3_gap_gmp,43,"[1, 2, 4]",0.5,passed,not_verified,,,79e91008a814b0fdf4ba764ad12f90778d06e108c3bce021d10e9c9d525df646,,not_verified,offline,float32,float32,,,,,prior_strict_load_record_no_accuracy_rerun,,
pytorch/best_weights/gap_gmp_seed_44/best_epoch_weights.pth,8605002,c0def5dfd283e30dbd1dbcd1551850f60eb4f90a72e955a02a33bd44bfa7d77c,gap_gmp_seed_44,primary_protocol,results/primary_ablation/,mobilenetv3_gap_gmp,44,"[1, 2, 4]",0.5,passed,not_verified,,,c0def5dfd283e30dbd1dbcd1551850f60eb4f90a72e955a02a33bd44bfa7d77c,,not_verified,offline,float32,float32,,,,,prior_strict_load_record_no_accuracy_rerun,,
pytorch/best_weights/gap_matched_seed_42/best_epoch_weights.pth,8604938,ab84e7c109052538977ee319175c473afeec6d88382641094b59e64ebcb8db8e,gap_matched_seed_42,historical_capacity_control,results/primary_ablation/,mobilenetv3_gap_matched,42,"[1, 2, 4]",0.5,passed,not_verified,,,ab84e7c109052538977ee319175c473afeec6d88382641094b59e64ebcb8db8e,,not_verified,offline,float32,float32,,,,,prior_strict_load_record_no_accuracy_rerun,,
pytorch/best_weights/gap_matched_seed_43/best_epoch_weights.pth,8604938,87460577126184bd2d195ea173813f8b67967560414c7ef7010148e9cc143fb2,gap_matched_seed_43,historical_capacity_control,results/primary_ablation/,mobilenetv3_gap_matched,43,"[1, 2, 4]",0.5,passed,not_verified,,,87460577126184bd2d195ea173813f8b67967560414c7ef7010148e9cc143fb2,,not_verified,offline,float32,float32,,,,,prior_strict_load_record_no_accuracy_rerun,,
pytorch/best_weights/gap_matched_seed_44/best_epoch_weights.pth,8604938,15dbd0d061af86a760f9e83875d52e92bcff22beda6bc98c1ad21e8a13607381,gap_matched_seed_44,historical_capacity_control,results/primary_ablation/,mobilenetv3_gap_matched,44,"[1, 2, 4]",0.5,passed,not_verified,,,15dbd0d061af86a760f9e83875d52e92bcff22beda6bc98c1ad21e8a13607381,,not_verified,offline,float32,float32,,,,,prior_strict_load_record_no_accuracy_rerun,,
pytorch/best_weights/gap_seed_42/best_epoch_weights.pth,6245578,528ba7242db89ee9b8e369c495f533e0bfa42ac988874c05b9cedf446d852ddb,gap_seed_42,primary_protocol,results/primary_ablation/,mobilenetv3_gap,42,"[1, 2, 4]",0.5,passed,not_verified,,,528ba7242db89ee9b8e369c495f533e0bfa42ac988874c05b9cedf446d852ddb,,not_verified,offline,float32,float32,,,,,prior_strict_load_record_no_accuracy_rerun,,
pytorch/best_weights/gap_seed_43/best_epoch_weights.pth,6245578,df32fb1285279bc6633e74a723214f27deccb043fe91ca46078d283b68fb6e1c,gap_seed_43,primary_protocol,results/primary_ablation/,mobilenetv3_gap,43,"[1, 2, 4]",0.5,passed,not_verified,,,df32fb1285279bc6633e74a723214f27deccb043fe91ca46078d283b68fb6e1c,,not_verified,offline,float32,float32,,,,,prior_strict_load_record_no_accuracy_rerun,,
pytorch/best_weights/gap_seed_44/best_epoch_weights.pth,6245578,3522e4d479160cbcf7521c9df6c7ec9d5ca9cfcfea2ca814dc12a40f72f1d7f5,gap_seed_44,primary_protocol,results/primary_ablation/,mobilenetv3_gap,44,"[1, 2, 4]",0.5,passed,not_verified,,,3522e4d479160cbcf7521c9df6c7ec9d5ca9cfcfea2ca814dc12a40f72f1d7f5,,not_verified,offline,float32,float32,,,,,prior_strict_load_record_no_accuracy_rerun,,
pytorch/best_weights/sensitivity/gated/gated_seed_42/best_epoch_weights.pth,8902918,b6ae42bf92b3f62c5e2d19a950dfec8f339ba6a1f22264381eafa1afff04d72f,gated_seed_42,sensitivity,results/primary_ablation/,mobilenetv3_gated_fractal,42,"[1, 2, 4]",0.5,passed,not_verified,,,b6ae42bf92b3f62c5e2d19a950dfec8f339ba6a1f22264381eafa1afff04d72f,,not_verified,offline,float32,float32,,,,,prior_strict_load_record_no_accuracy_rerun,,
pytorch/best_weights/sensitivity/gated/gated_seed_43/best_epoch_weights.pth,8902918,ec1bf6cba2fc857b0ddd2e31fb15c66ede6a3fa28cd2d67652a1145220dbe1c3,gated_seed_43,sensitivity,results/primary_ablation/,mobilenetv3_gated_fractal,43,"[1, 2, 4]",0.5,passed,not_verified,,,ec1bf6cba2fc857b0ddd2e31fb15c66ede6a3fa28cd2d67652a1145220dbe1c3,,not_verified,offline,float32,float32,,,,,prior_strict_load_record_no_accuracy_rerun,,
pytorch/best_weights/sensitivity/gated/gated_seed_44/best_epoch_weights.pth,8902918,0f9f071891e65c31d5f80925691789fd337aed11b311224110f20668364520af,gated_seed_44,sensitivity,results/primary_ablation/,mobilenetv3_gated_fractal,44,"[1, 2, 4]",0.5,passed,not_verified,,,0f9f071891e65c31d5f80925691789fd337aed11b311224110f20668364520af,,not_verified,offline,float32,float32,,,,,prior_strict_load_record_no_accuracy_rerun,,
pytorch/best_weights/sensitivity/penultimate/penultimate_seed_42/best_epoch_weights.pth,6638922,1be5911a36bb5a8e308649f2a70bf581ece4f07b82823402f1dc9d979444947f,penultimate_seed_42,sensitivity,results/primary_ablation/,mobilenetv3_fractal_penultimate,42,"[1, 2, 4]",0.5,passed,not_verified,,,1be5911a36bb5a8e308649f2a70bf581ece4f07b82823402f1dc9d979444947f,,not_verified,offline,float32,float32,,,,,prior_strict_load_record_no_accuracy_rerun,,
pytorch/best_weights/sensitivity/scales_12/fractal_seed_42/best_epoch_weights.pth,8605002,3cd971f55bf815568a1cf5b8ab35cf2bf001cbfa5e8c74ee215e157eab2a51fb,fractal_seed_42,sensitivity,results/primary_ablation/,mobilenetv3_fractal,42,"[1, 2]",0.5,passed,not_verified,,,3cd971f55bf815568a1cf5b8ab35cf2bf001cbfa5e8c74ee215e157eab2a51fb,,not_verified,offline,float32,float32,,,,,prior_strict_load_record_no_accuracy_rerun,,
pytorch/best_weights/sensitivity/threshold_03/fractal_seed_42/best_epoch_weights.pth,8605002,eefd5bcb6a3a9201e41205a3852a307ca4fae10437ba7f425f1ea2bc51f3a6bb,fractal_seed_42,sensitivity,results/primary_ablation/,mobilenetv3_fractal,42,"[1, 2, 4]",0.3,passed,not_verified,,,eefd5bcb6a3a9201e41205a3852a307ca4fae10437ba7f425f1ea2bc51f3a6bb,,not_verified,offline,float32,float32,,,,,prior_strict_load_record_no_accuracy_rerun,,
pytorch/best_weights/sensitivity/threshold_07/fractal_seed_42/best_epoch_weights.pth,8605002,ca3e567f051733aa6d1bd288e4fafc48024fccc131bb64787b22f8e5368d56bd,fractal_seed_42,sensitivity,results/primary_ablation/,mobilenetv3_fractal,42,"[1, 2, 4]",0.7,passed,not_verified,,,ca3e567f051733aa6d1bd288e4fafc48024fccc131bb64787b22f8e5368d56bd,,not_verified,offline,float32,float32,,,,,prior_strict_load_record_no_accuracy_rerun,,
pytorch/best_weights/wide_gap_seed_42/best_epoch_weights.pth,8605322,2fd30f47f62e2e578988ae9180569424508eab2c81ed25019540501939ebe0e7,wide_gap_seed_42,primary_protocol,results/primary_ablation/,mobilenetv3_gap_wide,42,"[1, 2, 4]",0.5,passed,not_verified,,,2fd30f47f62e2e578988ae9180569424508eab2c81ed25019540501939ebe0e7,,not_verified,offline,float32,float32,,,,,prior_strict_load_record_no_accuracy_rerun,,
pytorch/best_weights/wide_gap_seed_43/best_epoch_weights.pth,8605322,5855773da3531b54a30f12e83682d95e9db1e5c4187f5e993495f98c78c16e28,wide_gap_seed_43,primary_protocol,results/primary_ablation/,mobilenetv3_gap_wide,43,"[1, 2, 4]",0.5,passed,not_verified,,,5855773da3531b54a30f12e83682d95e9db1e5c4187f5e993495f98c78c16e28,,not_verified,offline,float32,float32,,,,,prior_strict_load_record_no_accuracy_rerun,,
pytorch/best_weights/wide_gap_seed_44/best_epoch_weights.pth,8605322,93a7b20c267fe778ed48c70f6b585a43d53fd9a0454c594b4230c2691bc399f4,wide_gap_seed_44,primary_protocol,results/primary_ablation/,mobilenetv3_gap_wide,44,"[1, 2, 4]",0.5,passed,not_verified,,,93a7b20c267fe778ed48c70f6b585a43d53fd9a0454c594b4230c2691bc399f4,,not_verified,offline,float32,float32,,,,,prior_strict_load_record_no_accuracy_rerun,,
k230/paper_w8a16/mobilenetv3_fractal_seed43_noclip_train602_w8_a16.kmodel,2772248,cb869dfe09abb66ccda53718c0a056ce5020107efdd2d5a867f3efce2e7c3a70,mobilenetv3_fractal_seed43_noclip_train602_w8_a16.kmodel,paper_w8a16,evidence/k230/k230_full_test_jpeg_parts_predictions_train602.csv,mobilenetv3_fractal,43,"[1, 2, 4]",0.5,not_applicable,602,56.80610889774236,62.98,cb869dfe09abb66ccda53718c0a056ce5020107efdd2d5a867f3efce2e7c3a70,5b5adcb72bb6ede3d98ec7874e3d37f5daa831680145e4b127120f1858f5d25d,archived_conversion_record,K230_PTQ,uint8,int16,seed_43_center_crop_reencoded_JPEG_bundle,3012,1711,full_test_accuracy,archived_full_test_predictions_checked_not_board_retested,,
k230/paper_w8a16/mobilenetv3_fractal_seed43_noclip_w8_a16.kmodel,2772248,9b3757129510d56468eca503bf18a04bc96e699976ece2a35d78949dea995e42,mobilenetv3_fractal_seed43_noclip_w8_a16.kmodel,paper_w8a16,evidence/k230/k230_full_test_seed43_jpeg_parts_predictions.csv,mobilenetv3_fractal,43,"[1, 2, 4]",0.5,not_applicable,100,59.72775564409031,63.14,9b3757129510d56468eca503bf18a04bc96e699976ece2a35d78949dea995e42,5b5adcb72bb6ede3d98ec7874e3d37f5daa831680145e4b127120f1858f5d25d,archived_conversion_record,K230_PTQ,uint8,int16,seed_43_center_crop_reencoded_JPEG_bundle,3012,1799,full_test_accuracy,archived_full_test_predictions_checked_not_board_retested,,
pytorch/legacy/mobilenetv3_fractal_best.pth,8607986,494f37b80730ad49a3757ad436d905c493cb1435349930914080d8f90287ff7e,mobilenetv3_fractal_best.pth,preserved_for_traceability,evidence/legacy/predictions.csv,,,,,passed,,97.64150943396227,,494f37b80730ad49a3757ad436d905c493cb1435349930914080d8f90287ff7e,,not_verified,legacy_offline,float32,float32,,3392,3312,archived_accuracy,strict_load_and_archived_CSV_checked_no_full_rerun,,
k230/diagnostic/mobilenetv3_fractal_seed43_balanced100.kmodel,2455560,b5ececac2e96fc84892312f483643d5f510a38f2ad0d52cb77ae18cbc887d79d,mobilenetv3_fractal_seed43_balanced100.kmodel,preserved_for_traceability,evidence/k230/k230_quant_sweep_report.md,,,,,not_applicable,,,,b5ececac2e96fc84892312f483643d5f510a38f2ad0d52cb77ae18cbc887d79d,5b5adcb72bb6ede3d98ec7874e3d37f5daa831680145e4b127120f1858f5d25d,archived_conversion_record,diagnostic,,,,,,diagnostic_agreement_not_test_accuracy,archived_diagnostic_only_not_board_retested,,
k230/diagnostic/mobilenetv3_fractal_seed43_kld_w16_a8.kmodel,4593656,877fc3499b81609bbccc48a7f5203fb8eb87b8f65f56d36a014aa11dea43eed1,mobilenetv3_fractal_seed43_kld_w16_a8.kmodel,preserved_for_traceability,evidence/k230/k230_quant_sweep_report.md,,,,,not_applicable,,,,877fc3499b81609bbccc48a7f5203fb8eb87b8f65f56d36a014aa11dea43eed1,5b5adcb72bb6ede3d98ec7874e3d37f5daa831680145e4b127120f1858f5d25d,archived_conversion_record,diagnostic,int16,uint8,,,,diagnostic_agreement_not_test_accuracy,archived_diagnostic_only_not_board_retested,,
k230/diagnostic/mobilenetv3_fractal_seed43_kld_w8_a16.kmodel,2772272,e63f3f5bdc3e18a7368ed296aa0188a56dbd9e87477617c0e48c9823b2cbe37a,mobilenetv3_fractal_seed43_kld_w8_a16.kmodel,preserved_for_traceability,evidence/k230/k230_quant_sweep_report.md,,,,,not_applicable,,,,e63f3f5bdc3e18a7368ed296aa0188a56dbd9e87477617c0e48c9823b2cbe37a,5b5adcb72bb6ede3d98ec7874e3d37f5daa831680145e4b127120f1858f5d25d,archived_conversion_record,diagnostic,uint8,int16,,,,diagnostic_agreement_not_test_accuracy,archived_diagnostic_only_not_board_retested,,
k230/diagnostic/mobilenetv3_fractal_seed43_kld_w8_a8.kmodel,2455928,92a7d19fabaf8d696c3518c450212047401d2d2e2abf2043afa26ea506286772,mobilenetv3_fractal_seed43_kld_w8_a8.kmodel,preserved_for_traceability,evidence/k230/k230_quant_sweep_report.md,,,,,not_applicable,,,,92a7d19fabaf8d696c3518c450212047401d2d2e2abf2043afa26ea506286772,5b5adcb72bb6ede3d98ec7874e3d37f5daa831680145e4b127120f1858f5d25d,archived_conversion_record,diagnostic,uint8,uint8,,,,diagnostic_agreement_not_test_accuracy,archived_diagnostic_only_not_board_retested,,
onnx/mobilenetv3_fractal_seed43_noclip_train602_mix_w8_a8.simplified.onnx,8505547,8f3a45c5f42b343151862d5306fd0f8706626f1bcbede5cef59de08e10d85a8e,mobilenetv3_fractal_seed43_noclip_train602_mix_w8_a8.simplified.onnx,preserved_for_traceability,,,,,,,,,,8f3a45c5f42b343151862d5306fd0f8706626f1bcbede5cef59de08e10d85a8e,5b5adcb72bb6ede3d98ec7874e3d37f5daa831680145e4b127120f1858f5d25d,archived_export_record,failed_conversion_intermediate,,,,,,,preserved_not_reexported,,
k230/diagnostic/mobilenetv3_fractal_seed43_noclip_w16_a8.kmodel,4592456,d873f64718d3f48d2d9918dcf91c6d817217cecf8c5ebce1d0063cc0e8b48a98,mobilenetv3_fractal_seed43_noclip_w16_a8.kmodel,preserved_for_traceability,evidence/k230/k230_quant_sweep_report.md,,,,,not_applicable,,,,d873f64718d3f48d2d9918dcf91c6d817217cecf8c5ebce1d0063cc0e8b48a98,5b5adcb72bb6ede3d98ec7874e3d37f5daa831680145e4b127120f1858f5d25d,archived_conversion_record,diagnostic,int16,uint8,,,,diagnostic_agreement_not_test_accuracy,archived_diagnostic_only_not_board_retested,,
onnx/mobilenetv3_fractal_seed43_op13.onnx,8495764,f05490555f49e381ad9a473221a0ab58077bfa68524d0b8ba2b6ee0dc2d75f1c,mobilenetv3_fractal_seed43_op13.onnx,preserved_for_traceability,,,,,,,,,,f05490555f49e381ad9a473221a0ab58077bfa68524d0b8ba2b6ee0dc2d75f1c,5b5adcb72bb6ede3d98ec7874e3d37f5daa831680145e4b127120f1858f5d25d,archived_export_record,export,,,,,,,preserved_not_reexported,,
onnx/best_epoch_weights.onnx,8495291,f711a740c9e75fb214522ce92cb4330fd1fcad048de018515899aeabf662cbab,best_epoch_weights.onnx,preserved_for_traceability,,,,,,,,,,f711a740c9e75fb214522ce92cb4330fd1fcad048de018515899aeabf662cbab,,not_verified,export,,,,,,,preserved_not_reexported,,
onnx/best_epoch_weights_sim.onnx,8505452,96afff62177450db5d1e2e89837df14d6a3897741dd0653b8ac7fbee3747bbf7,best_epoch_weights_sim.onnx,preserved_for_traceability,,,,,,,,,,96afff62177450db5d1e2e89837df14d6a3897741dd0653b8ac7fbee3747bbf7,,not_verified,export,,,,,,,preserved_not_reexported,,
